{"id1":"gr11","id2":"gr13","similarity":0.07089925896254756,"matches":[{"file1":"gr11/src/main/java/de/tum/i13/client/commands/ConnectToSocketCommand.java","file2":"gr13/src/main/java/de/tum/i13/server/kv/Message.java","start1":27,"end1":49,"start2":36,"end2":63,"tokens":16},{"file1":"gr11/src/main/java/de/tum/i13/server/ConnectionHandleThread.java","file2":"gr13/src/main/java/de/tum/i13/server/messageQueue/QueueConsumer.java","start1":53,"end1":63,"start2":64,"end2":70,"tokens":15},{"file1":"gr11/src/test/java/de/tum/i13/server/kv/TestCachedKVStore.java","file2":"gr13/src/test/java/de/tum/i13/server/kv/cache/cacheStrategy/TestCacheLRU.java","start1":146,"end1":156,"start2":88,"end2":96,"tokens":14},{"file1":"gr11/src/main/java/de/tum/i13/server/kv/CachedKVStore.java","file2":"gr13/src/main/java/de/tum/i13/server/kv/cache/CacheManager.java","start1":58,"end1":67,"start2":80,"end2":89,"tokens":12},{"file1":"gr11/src/main/java/de/tum/i13/client/ShellInterpreter.java","file2":"gr13/src/main/java/de/tum/i13/client/ClientCLI.java","start1":66,"end1":75,"start2":172,"end2":179,"tokens":12},{"file1":"gr11/src/test/java/de/tum/i13/server/kv/TestCachedKVStore.java","file2":"gr13/src/test/java/de/tum/i13/server/kv/cache/cacheStrategy/TestCacheLFU.java","start1":173,"end1":178,"start2":115,"end2":122,"tokens":12},{"file1":"gr11/src/test/java/de/tum/i13/server/kv/TestPersistentStorage.java","file2":"gr13/src/main/java/de/tum/i13/server/kv/cache/CacheManager.java","start1":39,"end1":58,"start2":107,"end2":121,"tokens":11},{"file1":"gr11/src/test/java/de/tum/i13/kvstoreclientlib/TestKVStoreClient.java","file2":"gr13/src/test/java/de/tum/i13/server/kv/cache/cacheStrategy/TestCacheFIFO.java","start1":25,"end1":35,"start2":86,"end2":93,"tokens":11},{"file1":"gr11/src/main/java/de/tum/i13/server/ServerMain.java","file2":"gr13/src/main/java/de/tum/i13/client/ClientCLI.java","start1":92,"end1":100,"start2":54,"end2":59,"tokens":10},{"file1":"gr11/src/main/java/de/tum/i13/client/commands/HelpCommand.java","file2":"gr13/src/main/java/de/tum/i13/server/kv/cache/CacheableKey.java","start1":18,"end1":29,"start2":64,"end2":77,"tokens":10},{"file1":"gr11/src/test/java/de/tum/i13/server/kv/TestPersistentStorage.java","file2":"gr13/src/test/java/de/tum/i13/TestKVCommandProcessor.java","start1":99,"end1":113,"start2":68,"end2":75,"tokens":9},{"file1":"gr11/src/test/java/de/tum/i13/testauxiliaries/TestServer.java","file2":"gr13/src/main/java/de/tum/i13/client/command/kvstore/PutCommand.java","start1":40,"end1":48,"start2":37,"end2":45,"tokens":9},{"file1":"gr11/src/main/java/de/tum/i13/server/kv/cache/CacheStrategyFIFO.java","file2":"gr13/src/test/java/de/tum/i13/server/kv/cache/cacheStrategy/TestCacheLFU.java","start1":21,"end1":23,"start2":62,"end2":68,"tokens":9},{"file1":"gr11/src/main/java/de/tum/i13/client/Auxiliaries.java","file2":"gr13/src/main/java/de/tum/i13/client/command/kvstore/DeleteCommand.java","start1":3,"end1":26,"start2":6,"end2":21,"tokens":9},{"file1":"gr11/src/main/java/de/tum/i13/server/kv/cache/CacheStrategyLRU.java","file2":"gr13/src/test/java/de/tum/i13/server/kv/cache/cacheStrategy/TestCacheLRU.java","start1":21,"end1":23,"start2":61,"end2":67,"tokens":9},{"file1":"gr11/src/test/java/de/tum/i13/kvstoreclientlib/TestKVStoreClient.java","file2":"gr13/src/test/java/de/tum/i13/client/command/kvstore/TestKVCommand.java","start1":46,"end1":58,"start2":108,"end2":118,"tokens":9}]}