{"id1":"gr11","id2":"gr8","similarity":0.05774518790100825,"matches":[{"file1":"gr11/src/main/java/de/tum/i13/client/commands/LogLevelCommand.java","file2":"gr8/src/main/java/de/tum/i13/server/kv/KVMessage.java","start1":42,"end1":51,"start2":9,"end2":22,"tokens":16},{"file1":"gr11/src/test/java/de/tum/i13/server/kv/TestCachedKVStore.java","file2":"gr8/src/test/java/de/tum/i13/TestStorage.java","start1":146,"end1":156,"start2":64,"end2":74,"tokens":14},{"file1":"gr11/src/main/java/de/tum/i13/server/kv/CachedKVStore.java","file2":"gr8/src/main/java/de/tum/i13/server/kv/Storage.java","start1":60,"end1":68,"start2":30,"end2":38,"tokens":12},{"file1":"gr11/src/test/java/de/tum/i13/server/kv/TestCachedKVStore.java","file2":"gr8/src/main/java/de/tum/i13/server/kv/SFHandler.java","start1":173,"end1":178,"start2":262,"end2":275,"tokens":12},{"file1":"gr11/src/main/java/de/tum/i13/server/kv/cache/CacheItem.java","file2":"gr8/src/main/java/de/tum/i13/server/kv/Message.java","start1":38,"end1":55,"start2":15,"end2":29,"tokens":12},{"file1":"gr11/src/main/java/de/tum/i13/client/commands/DeleteCommand.java","file2":"gr8/src/main/java/de/tum/i13/shared/communication/Message.java","start1":33,"end1":49,"start2":19,"end2":40,"tokens":11},{"file1":"gr11/src/test/java/de/tum/i13/kvstoreclientlib/TestKVStoreClient.java","file2":"gr8/src/test/java/de/tum/i13/TestStorage.java","start1":25,"end1":35,"start2":84,"end2":91,"tokens":11},{"file1":"gr11/src/test/java/de/tum/i13/testauxiliaries/TestServer.java","file2":"gr8/src/main/java/de/tum/i13/client/KVStore/KVStoreClient.java","start1":94,"end1":103,"start2":86,"end2":91,"tokens":10},{"file1":"gr11/src/main/java/de/tum/i13/client/ShellInterpreter.java","file2":"gr8/src/main/java/de/tum/i13/client/Milestone2Main.java","start1":64,"end1":71,"start2":256,"end2":261,"tokens":10},{"file1":"gr11/src/main/java/de/tum/i13/server/kv/cache/CacheStrategyFIFO.java","file2":"gr8/src/test/java/de/tum/i13/KVIntegrationTest.java","start1":21,"end1":22,"start2":227,"end2":232,"tokens":9},{"file1":"gr11/src/main/java/de/tum/i13/server/ConnectionManager.java","file2":"gr8/src/main/java/de/tum/i13/server/nio/SimpleNioServer.java","start1":72,"end1":87,"start2":56,"end2":63,"tokens":9}]}