{"id1":"gr12","id2":"gr15","similarity":0.06555981268624947,"matches":[{"file1":"gr12/src/test/java/de/tum/i13/TestKVStoreServer.java","file2":"gr15/src/test/java/de/tum/i13/ConcurrencyTest.java","start1":145,"end1":148,"start2":133,"end2":137,"tokens":10},{"file1":"gr12/src/test/java/de/tum/i13/TestKVStoreServer.java","file2":"gr15/src/test/java/de/tum/i13/KVCacheTest.java","start1":162,"end1":165,"start2":35,"end2":44,"tokens":10},{"file1":"gr12/src/main/java/de/tum/i13/client/ClientMain.java","file2":"gr15/src/main/java/de/tum/i13/client/Milestone1Main.java","start1":18,"end1":20,"start2":87,"end2":95,"tokens":10},{"file1":"gr12/src/test/java/de/tum/i13/TestKVStoreClient.java","file2":"gr15/src/test/java/de/tum/i13/KVCommandProcessorTest.java","start1":107,"end1":119,"start2":17,"end2":25,"tokens":10},{"file1":"gr12/src/main/java/de/tum/i13/shared/CacheTypeConverter.java","file2":"gr15/src/main/java/de/tum/i13/KVserver/kv/KVManagerFIFO.java","start1":4,"end1":18,"start2":3,"end2":17,"tokens":10},{"file1":"gr12/src/main/java/de/tum/i13/server/kv/caching/LRUCache.java","file2":"gr15/src/main/java/de/tum/i13/KVserver/kv/KVManagerLFU.java","start1":57,"end1":70,"start2":44,"end2":50,"tokens":9},{"file1":"gr12/src/test/java/de/tum/i13/TestKVStoreClient.java","file2":"gr15/src/test/java/de/tum/i13/KVCommandProcessorTest.java","start1":54,"end1":63,"start2":28,"end2":35,"tokens":9},{"file1":"gr12/src/main/java/de/tum/i13/shared/CacheTypeConverter.java","file2":"gr15/src/main/java/de/tum/i13/shared/KVStoreStrategyConverter.java","start1":24,"end1":29,"start2":13,"end2":18,"tokens":9}]}