{"id1":"gr12","id2":"gr11","similarity":0.041363239149431984,"matches":[{"file1":"gr12/src/main/java/de/tum/i13/server/kv/KVMessageServer.java","file2":"gr11/src/main/java/de/tum/i13/server/kv/cache/CacheItem.java","start1":15,"end1":28,"start2":38,"end2":55,"tokens":12},{"file1":"gr12/src/test/java/de/tum/i13/TestKVStoreServer.java","file2":"gr11/src/test/java/de/tum/i13/server/kv/TestCachedKVStore.java","start1":145,"end1":148,"start2":146,"end2":153,"tokens":11},{"file1":"gr12/src/test/java/de/tum/i13/TestKVStoreServer.java","file2":"gr11/src/test/java/de/tum/i13/server/kv/TestCachedKVStore.java","start1":162,"end1":165,"start2":173,"end2":176,"tokens":10},{"file1":"gr12/src/main/java/de/tum/i13/shared/LogLevelTypeConverter.java","file2":"gr11/src/test/java/de/tum/i13/testauxiliaries/TestClient.java","start1":14,"end1":19,"start2":107,"end2":115,"tokens":10},{"file1":"gr12/src/test/java/de/tum/i13/TestKVCommandProcessor.java","file2":"gr11/src/test/java/de/tum/i13/kvstoreclientlib/TestKVStoreClient.java","start1":47,"end1":56,"start2":26,"end2":39,"tokens":10},{"file1":"gr12/src/test/java/de/tum/i13/TestKVStoreClient.java","file2":"gr11/src/test/java/de/tum/i13/TestKVCommandProcessor.java","start1":54,"end1":63,"start2":28,"end2":38,"tokens":9},{"file1":"gr12/src/test/java/de/tum/i13/TestKVStoreClient.java","file2":"gr11/src/test/java/de/tum/i13/TestKVCommandProcessor.java","start1":64,"end1":74,"start2":41,"end2":51,"tokens":9}]}