{"id1":"gr13","id2":"gr2","similarity":0.11593184612682242,"matches":[{"file1":"gr13/src/test/java/de/tum/i13/server/kv/cache/cacheStrategy/TestCacheLRU.java","file2":"gr2/src/test/java/de/tum/i13/KVIntegrationTest.java","start1":73,"end1":96,"start2":172,"end2":200,"tokens":41},{"file1":"gr13/src/test/java/de/tum/i13/server/kv/cache/cacheStrategy/TestCacheLFU.java","file2":"gr2/src/test/java/de/tum/i13/KVIntegrationTest.java","start1":100,"end1":122,"start2":302,"end2":321,"tokens":33},{"file1":"gr13/src/test/java/de/tum/i13/server/kv/cache/cacheStrategy/TestCacheFIFO.java","file2":"gr2/src/test/java/de/tum/i13/KVIntegrationTest.java","start1":74,"end1":93,"start2":241,"end2":258,"tokens":32},{"file1":"gr13/src/test/java/de/tum/i13/server/kv/cache/cacheStrategy/TestCacheFIFO.java","file2":"gr2/src/test/java/de/tum/i13/KVIntegrationTestLFU.java","start1":97,"end1":116,"start2":301,"end2":317,"tokens":32},{"file1":"gr13/src/test/java/de/tum/i13/server/kv/cache/cacheStrategy/TestCacheLRU.java","file2":"gr2/src/test/java/de/tum/i13/KVIntegrationTestLRU.java","start1":101,"end1":120,"start2":303,"end2":321,"tokens":29},{"file1":"gr13/src/test/java/de/tum/i13/server/kv/cache/cacheStrategy/TestCacheLFU.java","file2":"gr2/src/test/java/de/tum/i13/KVIntegrationTest.java","start1":74,"end1":87,"start2":150,"end2":159,"tokens":27},{"file1":"gr13/src/main/java/de/tum/i13/server/kv/Message.java","file2":"gr2/src/main/java/de/tum/i13/server/kv/KVMessageImpl.java","start1":37,"end1":63,"start2":11,"end2":28,"tokens":15},{"file1":"gr13/src/test/java/de/tum/i13/server/kv/cache/cacheStrategy/TestCacheLFU.java","file2":"gr2/src/test/java/de/tum/i13/KVIntegrationTest.java","start1":61,"end1":65,"start2":113,"end2":116,"tokens":12},{"file1":"gr13/src/test/java/de/tum/i13/server/kv/cache/cacheStrategy/TestCacheLRU.java","file2":"gr2/src/test/java/de/tum/i13/KVIntegrationTest.java","start1":60,"end1":64,"start2":132,"end2":134,"tokens":12},{"file1":"gr13/src/test/java/de/tum/i13/server/kv/cache/cacheStrategy/TestCacheFIFO.java","file2":"gr2/src/test/java/de/tum/i13/KVIntegrationTest.java","start1":61,"end1":65,"start2":159,"end2":166,"tokens":12},{"file1":"gr13/src/main/java/de/tum/i13/server/serverCommand/Command.java","file2":"gr2/src/main/java/de/tum/i13/server/kv/caching/CacheElement.java","start1":35,"end1":56,"start2":24,"end2":35,"tokens":11},{"file1":"gr13/src/test/java/de/tum/i13/client/command/kvstore/TestKVCommand.java","file2":"gr2/src/main/java/de/tum/i13/server/threadperconnection/ConnectionHandleThread.java","start1":48,"end1":58,"start2":37,"end2":44,"tokens":11},{"file1":"gr13/src/test/java/de/tum/i13/server/kv/fileManager/TestFileManager.java","file2":"gr2/src/test/java/de/tum/i13/KVIntegrationTest.java","start1":66,"end1":72,"start2":284,"end2":293,"tokens":9},{"file1":"gr13/src/main/java/de/tum/i13/client/command/kvstore/KVCommand.java","file2":"gr2/src/main/java/de/tum/i13/server/threadperconnection/Main.java","start1":35,"end1":48,"start2":104,"end2":110,"tokens":9},{"file1":"gr13/src/main/java/de/tum/i13/server/kv/FileKVStore.java","file2":"gr2/src/main/java/de/tum/i13/server/kv/caching/FIFO.java","start1":33,"end1":41,"start2":120,"end2":128,"tokens":9},{"file1":"gr13/src/test/java/de/tum/i13/server/kv/TestConnection.java","file2":"gr2/src/test/java/de/tum/i13/SynchronisationTests.java","start1":35,"end1":42,"start2":85,"end2":98,"tokens":9},{"file1":"gr13/src/main/java/de/tum/i13/client/command/LogLevelCommand.java","file2":"gr2/src/main/java/de/tum/i13/server/kv/caching/LRU.java","start1":23,"end1":36,"start2":163,"end2":174,"tokens":9},{"file1":"gr13/src/main/java/de/tum/i13/server/kv/fileManagement/KVFileManager.java","file2":"gr2/src/main/java/de/tum/i13/server/kv/caching/FIFO.java","start1":28,"end1":41,"start2":68,"end2":75,"tokens":9},{"file1":"gr13/src/test/java/de/tum/i13/client/command/kvstore/TestKVCommand.java","file2":"gr2/src/test/java/de/tum/i13/SynchronisationTests.java","start1":107,"end1":114,"start2":131,"end2":141,"tokens":9}]}