{"id1":"gr13","id2":"gr4","similarity":0.09055199503824685,"matches":[{"file1":"gr13/src/main/java/de/tum/i13/client/command/Command.java","file2":"gr4/src/main/java/de/tum/i13/server/kv/LRU.java","start1":51,"end1":96,"start2":309,"end2":329,"tokens":19},{"file1":"gr13/src/test/java/de/tum/i13/server/kv/cache/cacheStrategy/TestCacheLFU.java","file2":"gr4/src/test/java/de/tum/i13/KVCommandProcessorTest.java","start1":106,"end1":122,"start2":35,"end2":46,"tokens":18},{"file1":"gr13/src/main/java/de/tum/i13/server/kv/Message.java","file2":"gr4/src/main/java/de/tum/i13/server/kv/KVMessageImpl.java","start1":39,"end1":67,"start2":14,"end2":33,"tokens":16},{"file1":"gr13/src/main/java/de/tum/i13/server/kv/fileManagement/Base64EncoderDecoder.java","file2":"gr4/src/main/java/de/tum/i13/shared/Encoder.java","start1":13,"end1":24,"start2":44,"end2":55,"tokens":13},{"file1":"gr13/src/test/java/de/tum/i13/server/kv/cache/cacheStrategy/TestCacheLRU.java","file2":"gr4/src/test/java/de/tum/i13/ServerImplTest.java","start1":88,"end1":94,"start2":83,"end2":99,"tokens":12},{"file1":"gr13/src/test/java/de/tum/i13/server/kv/cache/cacheStrategy/TestCacheFIFO.java","file2":"gr4/src/test/java/de/tum/i13/ServerImplTest.java","start1":86,"end1":94,"start2":60,"end2":69,"tokens":12},{"file1":"gr13/src/main/java/de/tum/i13/server/kv/cache/CacheManager.java","file2":"gr4/src/main/java/de/tum/i13/server/nio/StartSimpleNioServer.java","start1":80,"end1":89,"start2":42,"end2":50,"tokens":12},{"file1":"gr13/src/main/java/de/tum/i13/client/encoderDecoder/EncoderDecoder.java","file2":"gr4/src/main/java/de/tum/i13/shared/Encoder.java","start1":47,"end1":53,"start2":65,"end2":78,"tokens":11},{"file1":"gr13/src/test/java/de/tum/i13/server/kv/utils/SampleMessage.java","file2":"gr4/src/main/java/de/tum/i13/shared/Encoder.java","start1":1,"end1":11,"start2":1,"end2":33,"tokens":11},{"file1":"gr13/src/test/java/de/tum/i13/server/kv/cache/cacheStrategy/TestCacheLFU.java","file2":"gr4/src/main/java/de/tum/i13/client/ClientCommands.java","start1":61,"end1":64,"start2":80,"end2":94,"tokens":10},{"file1":"gr13/src/test/java/de/tum/i13/server/kv/cache/cacheStrategy/TestCacheLFU.java","file2":"gr4/src/main/java/de/tum/i13/server/kv/KVStoreImpl.java","start1":74,"end1":78,"start2":135,"end2":145,"tokens":10},{"file1":"gr13/src/main/java/de/tum/i13/server/kv/KVCommandProcessor.java","file2":"gr4/src/main/java/de/tum/i13/client/ServerConnector.java","start1":81,"end1":90,"start2":172,"end2":178,"tokens":10},{"file1":"gr13/src/main/java/de/tum/i13/server/kv/KVCommandProcessor.java","file2":"gr4/src/main/java/de/tum/i13/client/ServerConnector.java","start1":86,"end1":93,"start2":88,"end2":103,"tokens":10},{"file1":"gr13/src/main/java/de/tum/i13/server/kv/fileManagement/KVFileManager.java","file2":"gr4/src/main/java/de/tum/i13/server/kv/KVStoreImpl.java","start1":67,"end1":82,"start2":92,"end2":108,"tokens":10},{"file1":"gr13/src/main/java/de/tum/i13/client/command/LogLevelCommand.java","file2":"gr4/src/main/java/de/tum/i13/server/kv/LFU.java","start1":23,"end1":36,"start2":204,"end2":217,"tokens":9},{"file1":"gr13/src/main/java/de/tum/i13/server/threadperconnection/Main.java","file2":"gr4/src/main/java/de/tum/i13/client/ServerConnector.java","start1":35,"end1":45,"start2":132,"end2":139,"tokens":9},{"file1":"gr13/src/main/java/de/tum/i13/client/ClientCLI.java","file2":"gr4/src/main/java/de/tum/i13/client/KVCommands.java","start1":143,"end1":178,"start2":43,"end2":50,"tokens":9},{"file1":"gr13/src/main/java/de/tum/i13/client/ClientLib.java","file2":"gr4/src/main/java/de/tum/i13/client/ServerConnector.java","start1":106,"end1":108,"start2":143,"end2":146,"tokens":9},{"file1":"gr13/src/main/java/de/tum/i13/server/kv/cache/CacheManager.java","file2":"gr4/src/main/java/de/tum/i13/client/KVCommands.java","start1":96,"end1":106,"start2":74,"end2":86,"tokens":9}]}