{"id1":"gr14","id2":"gr3","similarity":0.061217140799423836,"matches":[{"file1":"gr14/src/main/java/de/tum/i13/server/kv/shared/KVServerMessage.java","file2":"gr3/src/main/java/de/tum/i13/server/kv/KvMessage.java","start1":19,"end1":36,"start2":22,"end2":40,"tokens":15},{"file1":"gr14/src/test/java/de/tum/i13/TestKVStorageManager.java","file2":"gr3/src/test/java/de/tum/i13/server/kv/cache/implementation/FIFOCacheTest.java","start1":63,"end1":75,"start2":41,"end2":48,"tokens":12},{"file1":"gr14/src/test/java/de/tum/i13/TestKVStorageManager.java","file2":"gr3/src/test/java/de/tum/i13/server/kv/store/FileKvStoreTest.java","start1":40,"end1":52,"start2":23,"end2":33,"tokens":10},{"file1":"gr14/src/test/java/de/tum/i13/TestKVStorageManager.java","file2":"gr3/src/test/java/de/tum/i13/server/kv/cache/implementation/FIFOCacheTest.java","start1":53,"end1":62,"start2":60,"end2":68,"tokens":10},{"file1":"gr14/src/main/java/de/tum/i13/server/kv/cache/strategies/FIFOCache.java","file2":"gr3/src/test/java/de/tum/i13/server/kv/store/FileKvStoreTest.java","start1":3,"end1":13,"start2":4,"end2":16,"tokens":10},{"file1":"gr14/src/main/java/de/tum/i13/server/kv/cache/strategies/FIFOCache.java","file2":"gr3/src/main/java/de/tum/i13/server/kv/cache/implementation/LFUCache.java","start1":17,"end1":26,"start2":82,"end2":91,"tokens":10},{"file1":"gr14/src/main/java/de/tum/i13/server/kv/cache/strategies/LRUCache.java","file2":"gr3/src/main/java/de/tum/i13/server/kv/cache/implementation/LRUCache.java","start1":31,"end1":40,"start2":43,"end2":49,"tokens":9},{"file1":"gr14/src/main/java/de/tum/i13/client/kv/connection/KVConnectionBuilder.java","file2":"gr3/src/test/java/de/tum/i13/KVIntegrationTest.java","start1":1,"end1":15,"start2":1,"end2":12,"tokens":9}]}