{"id1":"gr14","id2":"gr10","similarity":0.06080919320086186,"matches":[{"file1":"gr14/src/test/java/de/tum/i13/TestKVStorageManager.java","file2":"gr10/src/test/java/de/tum/i13/server/communication/TestServerParser.java","start1":39,"end1":52,"start2":54,"end2":66,"tokens":12},{"file1":"gr14/src/test/java/de/tum/i13/TestKVStorageManager.java","file2":"gr10/src/test/java/de/tum/i13/client/ui/cli/TestParser.java","start1":52,"end1":62,"start2":73,"end2":81,"tokens":11},{"file1":"gr14/src/test/java/de/tum/i13/TestKVStorageManager.java","file2":"gr10/src/test/java/de/tum/i13/server/data/TestLFUCacheStrategy.java","start1":63,"end1":73,"start2":54,"end2":59,"tokens":11},{"file1":"gr14/src/main/java/de/tum/i13/client/kv/connection/KVConnectionBuilder.java","file2":"gr10/src/main/java/de/tum/i13/client/communication/out/TCPSender.java","start1":1,"end1":17,"start2":1,"end2":14,"tokens":11},{"file1":"gr14/src/test/java/de/tum/i13/TestKVCacheManager.java","file2":"gr10/src/test/java/de/tum/i13/client/TestClientTest.java","start1":15,"end1":25,"start2":71,"end2":77,"tokens":10},{"file1":"gr14/src/main/java/de/tum/i13/server/kv/storage/StorageManager.java","file2":"gr10/src/main/java/de/tum/i13/server/communication/Communicator.java","start1":19,"end1":23,"start2":24,"end2":36,"tokens":9},{"file1":"gr14/src/test/java/de/tum/i13/TestKVCommandProcessor.java","file2":"gr10/src/test/java/de/tum/i13/client/ui/cli/TestParser.java","start1":32,"end1":41,"start2":84,"end2":90,"tokens":9},{"file1":"gr14/src/test/java/de/tum/i13/TestKVCommandProcessor.java","file2":"gr10/src/test/java/de/tum/i13/client/ui/cli/TestParser.java","start1":42,"end1":51,"start2":97,"end2":105,"tokens":9},{"file1":"gr14/src/main/java/de/tum/i13/client/kv/KVClient.java","file2":"gr10/src/main/java/de/tum/i13/client/communication/Communicator.java","start1":16,"end1":23,"start2":78,"end2":90,"tokens":9},{"file1":"gr14/src/main/java/de/tum/i13/server/nio/StartSimpleNioServer.java","file2":"gr10/src/test/java/de/tum/i13/server/data/TestLFUCacheStrategy.java","start1":32,"end1":39,"start2":85,"end2":91,"tokens":9},{"file1":"gr14/src/main/java/de/tum/i13/server/kv/cache/CacheManager.java","file2":"gr10/src/main/java/de/tum/i13/server/data/disk/DiskReadWriter.java","start1":60,"end1":77,"start2":23,"end2":46,"tokens":9},{"file1":"gr14/src/main/java/de/tum/i13/server/kv/cache/strategies/LFUCache.java","file2":"gr10/src/main/java/de/tum/i13/server/data/cache/strategy/FIFOCacheStrategy.java","start1":48,"end1":56,"start2":26,"end2":31,"tokens":9},{"file1":"gr14/src/main/java/de/tum/i13/client/kv/connection/KVConnectionBuilder.java","file2":"gr10/src/main/java/de/tum/i13/server/logic/KVServerLogic.java","start1":17,"end1":24,"start2":22,"end2":42,"tokens":9}]}