{"id1":"gr15","id2":"gr4","similarity":0.05668016194331984,"matches":[{"file1":"gr15/src/test/java/de/tum/i13/KVCacheTest.java","file2":"gr4/src/test/java/de/tum/i13/KVCommandProcessorTest.java","start1":56,"end1":66,"start2":35,"end2":45,"tokens":17},{"file1":"gr15/src/test/java/de/tum/i13/ConcurrencyTest.java","file2":"gr4/src/test/java/de/tum/i13/ServerImplTest.java","start1":135,"end1":138,"start2":83,"end2":99,"tokens":12},{"file1":"gr15/src/test/java/de/tum/i13/KVCacheTest.java","file2":"gr4/src/test/java/de/tum/i13/ServerImplTest.java","start1":20,"end1":29,"start2":60,"end2":68,"tokens":11},{"file1":"gr15/src/main/java/de/tum/i13/client/Milestone1Main.java","file2":"gr4/src/main/java/de/tum/i13/server/kv/KVCommandProcessor.java","start1":137,"end1":142,"start2":102,"end2":108,"tokens":10},{"file1":"gr15/src/test/java/de/tum/i13/KVCacheTest.java","file2":"gr4/src/main/java/de/tum/i13/client/ClientCommands.java","start1":35,"end1":44,"start2":80,"end2":94,"tokens":10},{"file1":"gr15/src/test/java/de/tum/i13/KVCacheTest.java","file2":"gr4/src/main/java/de/tum/i13/server/kv/KVStoreImpl.java","start1":74,"end1":83,"start2":135,"end2":145,"tokens":10},{"file1":"gr15/src/test/java/de/tum/i13/KVIntegrationTest.java","file2":"gr4/src/test/java/de/tum/i13/KVIntegrationTest.java","start1":117,"end1":123,"start2":51,"end2":60,"tokens":10},{"file1":"gr15/src/test/java/de/tum/i13/PersistenceTest.java","file2":"gr4/src/test/java/de/tum/i13/ServerMultipleClientsTest.java","start1":30,"end1":37,"start2":67,"end2":74,"tokens":9},{"file1":"gr15/src/main/java/de/tum/i13/KVStore/KVMessagingProtocol.java","file2":"gr4/src/main/java/de/tum/i13/client/KVCommands.java","start1":85,"end1":91,"start2":169,"end2":180,"tokens":9}]}