{"id1":"gr15","id2":"gr3","similarity":0.08588548601864181,"matches":[{"file1":"gr15/src/test/java/de/tum/i13/KVIntegrationTest.java","file2":"gr3/src/test/java/de/tum/i13/TestMaxSizeLinkedHashMap.java","start1":62,"end1":70,"start2":47,"end2":59,"tokens":18},{"file1":"gr15/src/test/java/de/tum/i13/KVCacheTest.java","file2":"gr3/src/test/java/de/tum/i13/server/kv/cache/implementation/FIFOCacheTest.java","start1":60,"end1":70,"start2":40,"end2":48,"tokens":17},{"file1":"gr15/src/test/java/de/tum/i13/KVIntegrationTest.java","file2":"gr3/src/test/java/de/tum/i13/TestMaxSizeLinkedHashMap.java","start1":107,"end1":114,"start2":61,"end2":72,"tokens":17},{"file1":"gr15/src/test/java/de/tum/i13/KVIntegrationTest.java","file2":"gr3/src/test/java/de/tum/i13/server/kv/cache/implementation/FIFOCacheTest.java","start1":117,"end1":125,"start2":58,"end2":68,"tokens":11},{"file1":"gr15/src/test/java/de/tum/i13/ConcurrencyTest.java","file2":"gr3/src/main/java/de/tum/i13/client/cli/HelpMessage.java","start1":136,"end1":139,"start2":5,"end2":23,"tokens":10},{"file1":"gr15/src/test/java/de/tum/i13/KVCacheTest.java","file2":"gr3/src/test/java/de/tum/i13/server/kv/store/FileKvStoreTest.java","start1":22,"end1":31,"start2":23,"end2":33,"tokens":10},{"file1":"gr15/src/test/java/de/tum/i13/KVIntegrationTest.java","file2":"gr3/src/test/java/de/tum/i13/server/kv/cache/implementation/FIFOCacheTest.java","start1":129,"end1":132,"start2":77,"end2":81,"tokens":10},{"file1":"gr15/src/main/java/de/tum/i13/KVserver/kv/persistence/PersistenceHandler.java","file2":"gr3/src/test/java/de/tum/i13/server/kv/store/FileKvStoreTest.java","start1":49,"end1":53,"start2":42,"end2":48,"tokens":9},{"file1":"gr15/src/main/java/de/tum/i13/KVserver/kv/persistence/PersistenceHandler.java","file2":"gr3/src/main/java/de/tum/i13/client/cli/client/CliClient.java","start1":101,"end1":114,"start2":49,"end2":55,"tokens":9},{"file1":"gr15/src/main/java/de/tum/i13/KVserver/nio/StartSimpleNioServer.java","file2":"gr3/src/test/java/de/tum/i13/client/communication/KvClientTest.java","start1":32,"end1":37,"start2":39,"end2":44,"tokens":9},{"file1":"gr15/src/main/java/de/tum/i13/shared/KVStoreStrategyConverter.java","file2":"gr3/src/main/java/de/tum/i13/server/kv/cache/CacheManager.java","start1":13,"end1":18,"start2":41,"end2":46,"tokens":9}]}