{"id1":"gr15","id2":"gr2","similarity":0.17107093184979139,"matches":[{"file1":"gr15/src/test/java/de/tum/i13/KVIntegrationTest.java","file2":"gr2/src/test/java/de/tum/i13/KVIntegrationTest.java","start1":74,"end1":91,"start2":184,"end2":211,"tokens":43},{"file1":"gr15/src/test/java/de/tum/i13/KVCacheTest.java","file2":"gr2/src/test/java/de/tum/i13/KVIntegrationTest.java","start1":74,"end1":103,"start2":241,"end2":261,"tokens":33},{"file1":"gr15/src/test/java/de/tum/i13/KVIntegrationTest.java","file2":"gr2/src/test/java/de/tum/i13/KVIntegrationTest.java","start1":98,"end1":111,"start2":133,"end2":153,"tokens":30},{"file1":"gr15/src/test/java/de/tum/i13/KVCacheTest.java","file2":"gr2/src/test/java/de/tum/i13/SortingTest.java","start1":52,"end1":71,"start2":18,"end2":75,"tokens":26},{"file1":"gr15/src/test/java/de/tum/i13/KVIntegrationTest.java","file2":"gr2/src/test/java/de/tum/i13/KVIntegrationTest.java","start1":56,"end1":67,"start2":285,"end2":304,"tokens":25},{"file1":"gr15/src/test/java/de/tum/i13/KVIntegrationTest.java","file2":"gr2/src/test/java/de/tum/i13/KVIntegrationTestLFU.java","start1":118,"end1":130,"start2":115,"end2":132,"tokens":25},{"file1":"gr15/src/test/java/de/tum/i13/KVCommandProcessorTest.java","file2":"gr2/src/test/java/de/tum/i13/TestKVCommandProcessor.java","start1":17,"end1":29,"start2":26,"end2":43,"tokens":21},{"file1":"gr15/src/test/java/de/tum/i13/KVCacheTest.java","file2":"gr2/src/test/java/de/tum/i13/KVIntegrationTestLFU.java","start1":35,"end1":50,"start2":185,"end2":201,"tokens":18},{"file1":"gr15/src/test/java/de/tum/i13/ConcurrencyTest.java","file2":"gr2/src/test/java/de/tum/i13/KVIntegrationTestLFU.java","start1":131,"end1":137,"start2":100,"end2":107,"tokens":17},{"file1":"gr15/src/test/java/de/tum/i13/KVCommandProcessorTest.java","file2":"gr2/src/test/java/de/tum/i13/TestKVCommandProcessor.java","start1":30,"end1":39,"start2":45,"end2":58,"tokens":15},{"file1":"gr15/src/test/java/de/tum/i13/KVIntegrationTest.java","file2":"gr2/src/test/java/de/tum/i13/SynchronisationTests.java","start1":22,"end1":29,"start2":82,"end2":89,"tokens":14},{"file1":"gr15/src/test/java/de/tum/i13/KVCacheTest.java","file2":"gr2/src/test/java/de/tum/i13/KVIntegrationTestLFU.java","start1":20,"end1":31,"start2":245,"end2":259,"tokens":13},{"file1":"gr15/src/test/java/de/tum/i13/ConcurrencyTest.java","file2":"gr2/src/test/java/de/tum/i13/KVIntegrationTestLFU.java","start1":114,"end1":129,"start2":132,"end2":147,"tokens":12},{"file1":"gr15/src/test/java/de/tum/i13/ConcurrencyTest.java","file2":"gr2/src/test/java/de/tum/i13/KVIntegrationTestLFU.java","start1":61,"end1":66,"start2":294,"end2":300,"tokens":10},{"file1":"gr15/src/main/java/de/tum/i13/KVserver/kv/KVManagerFIFO.java","file2":"gr2/src/main/java/de/tum/i13/server/kv/caching/FIFO.java","start1":44,"end1":54,"start2":106,"end2":116,"tokens":10},{"file1":"gr15/src/test/java/de/tum/i13/KVCacheTest.java","file2":"gr2/src/test/java/de/tum/i13/KVIntegrationTestLRU.java","start1":104,"end1":112,"start2":103,"end2":108,"tokens":10},{"file1":"gr15/src/main/java/de/tum/i13/KVserver/kv/KVManagerLFU.java","file2":"gr2/src/main/java/de/tum/i13/server/kv/caching/LRU.java","start1":52,"end1":62,"start2":129,"end2":143,"tokens":10},{"file1":"gr15/src/main/java/de/tum/i13/KVserver/kv/KVManager.java","file2":"gr2/src/main/java/de/tum/i13/server/kv/KVStore.java","start1":138,"end1":144,"start2":53,"end2":74,"tokens":10},{"file1":"gr15/src/test/java/de/tum/i13/PersistenceTest.java","file2":"gr2/src/test/java/de/tum/i13/KVIntegrationTestLRU.java","start1":38,"end1":45,"start2":118,"end2":129,"tokens":9},{"file1":"gr15/src/test/java/de/tum/i13/ConcurrencyTest.java","file2":"gr2/src/test/java/de/tum/i13/KVIntegrationTestLRU.java","start1":45,"end1":59,"start2":137,"end2":150,"tokens":9},{"file1":"gr15/src/main/java/de/tum/i13/KVserver/kv/KVManager.java","file2":"gr2/src/main/java/de/tum/i13/server/kv/KVCommandProcessor.java","start1":125,"end1":128,"start2":192,"end2":196,"tokens":9}]}