{"id1":"gr16","id2":"gr2","similarity":0.030917384693360365,"matches":[{"file1":"gr16/src/main/java/de/tum/i13/server/kv/KVMessager.java","file2":"gr2/src/main/java/de/tum/i13/server/kv/KVMessageImpl.java","start1":9,"end1":27,"start2":13,"end2":28,"tokens":13},{"file1":"gr16/src/test/java/de/tum/i13/TestKVCommandProcessor.java","file2":"gr2/src/test/java/de/tum/i13/TestKVCommandProcessor.java","start1":31,"end1":37,"start2":28,"end2":36,"tokens":10},{"file1":"gr16/src/main/java/de/tum/i13/server/kv/KVStorer.java","file2":"gr2/src/main/java/de/tum/i13/server/kv/caching/FIFO.java","start1":36,"end1":46,"start2":121,"end2":130,"tokens":10},{"file1":"gr16/src/test/java/de/tum/i13/CacheStrategyTest.java","file2":"gr2/src/main/java/de/tum/i13/server/kv/caching/LRU.java","start1":60,"end1":67,"start2":31,"end2":37,"tokens":10},{"file1":"gr16/src/main/java/de/tum/i13/server/kv/KVCommandProcessor.java","file2":"gr2/src/main/java/de/tum/i13/server/kv/KVStoreImpl.java","start1":30,"end1":39,"start2":160,"end2":165,"tokens":9},{"file1":"gr16/src/main/java/de/tum/i13/server/kv/CacheStrategy.java","file2":"gr2/src/main/java/de/tum/i13/server/kv/KVStoreImpl.java","start1":73,"end1":83,"start2":110,"end2":119,"tokens":9}]}