{"id1":"gr16","id2":"gr14","similarity":0.043410852713178294,"matches":[{"file1":"gr16/src/test/java/de/tum/i13/TestKVCommandProcessor.java","file2":"gr14/src/test/java/de/tum/i13/TestKVCommandProcessor.java","start1":27,"end1":40,"start2":27,"end2":45,"tokens":20},{"file1":"gr16/src/main/java/de/tum/i13/server/kv/KVMessager.java","file2":"gr14/src/main/java/de/tum/i13/server/kv/shared/KVServerMessage.java","start1":9,"end1":27,"start2":21,"end2":36,"tokens":13},{"file1":"gr16/src/main/java/de/tum/i13/server/kv/LFUMap.java","file2":"gr14/src/main/java/de/tum/i13/client/kv/connection/KVConnectionBuilder.java","start1":3,"end1":18,"start2":4,"end2":17,"tokens":9}]}