{"id1":"gr17","id2":"gr11","similarity":0.052072800808897875,"matches":[{"file1":"gr17/src/main/java/de/tum/i13/shared/kv/KVMessageImplementation.java","file2":"gr11/src/main/java/de/tum/i13/client/commands/DeleteCommand.java","start1":60,"end1":75,"start2":33,"end2":51,"tokens":13},{"file1":"gr17/src/test/java/de/tum/i13/TestClient.java","file2":"gr11/src/test/java/de/tum/i13/server/kv/TestCachedKVStore.java","start1":110,"end1":118,"start2":135,"end2":151,"tokens":12},{"file1":"gr17/src/test/java/de/tum/i13/TestClient.java","file2":"gr11/src/test/java/de/tum/i13/server/kv/TestCachedKVStore.java","start1":124,"end1":131,"start2":152,"end2":160,"tokens":12},{"file1":"gr17/src/main/java/de/tum/i13/shared/LogLevelTypeConverter.java","file2":"gr11/src/main/java/de/tum/i13/shared/LogLevelTypeConverter.java","start1":1,"end1":23,"start2":1,"end2":16,"tokens":11},{"file1":"gr17/src/main/java/de/tum/i13/client/kv/KVStoreApplication.java","file2":"gr11/src/main/java/de/tum/i13/server/kv/PersistentStorage.java","start1":165,"end1":195,"start2":41,"end2":61,"tokens":10},{"file1":"gr17/src/main/java/de/tum/i13/server/kv/DBManager.java","file2":"gr11/src/main/java/de/tum/i13/server/kv/PersistentStorage.java","start1":88,"end1":108,"start2":103,"end2":118,"tokens":9},{"file1":"gr17/src/test/java/de/tum/i13/TestClient.java","file2":"gr11/src/test/java/de/tum/i13/kvstoreclientlib/TestKVStoreClient.java","start1":53,"end1":63,"start2":33,"end2":46,"tokens":9},{"file1":"gr17/src/main/java/de/tum/i13/server/nio/StartSimpleNioServer.java","file2":"gr11/src/test/java/de/tum/i13/KVIntegrationTest.java","start1":50,"end1":56,"start2":64,"end2":72,"tokens":9},{"file1":"gr17/src/main/java/de/tum/i13/server/kv/KVCommandProcessor.java","file2":"gr11/src/test/java/de/tum/i13/server/kv/TestPersistentStorage.java","start1":56,"end1":61,"start2":93,"end2":101,"tokens":9},{"file1":"gr17/src/main/java/de/tum/i13/server/kv/memorymanager/MemoryManager.java","file2":"gr11/src/test/java/de/tum/i13/server/kv/TestPersistentStorage.java","start1":103,"end1":109,"start2":115,"end2":123,"tokens":9}]}