{"id1":"gr3","id2":"gr2","similarity":0.05973266499582289,"matches":[{"file1":"gr3/src/test/java/de/tum/i13/TestMaxSizeLinkedHashMap.java","file2":"gr2/src/test/java/de/tum/i13/KVIntegrationTest.java","start1":48,"end1":59,"start2":132,"end2":143,"tokens":17},{"file1":"gr3/src/test/java/de/tum/i13/server/kv/cache/implementation/FIFOCacheTest.java","file2":"gr2/src/test/java/de/tum/i13/KVIntegrationTest.java","start1":40,"end1":48,"start2":188,"end2":203,"tokens":17},{"file1":"gr3/src/test/java/de/tum/i13/TestMaxSizeLinkedHashMap.java","file2":"gr2/src/test/java/de/tum/i13/KVIntegrationTest.java","start1":62,"end1":72,"start2":247,"end2":258,"tokens":16},{"file1":"gr3/src/main/java/de/tum/i13/server/kv/KvMessage.java","file2":"gr2/src/main/java/de/tum/i13/server/kv/KVMessageImpl.java","start1":22,"end1":40,"start2":11,"end2":28,"tokens":15},{"file1":"gr3/src/main/java/de/tum/i13/server/kv/cache/implementation/LRUCache.java","file2":"gr2/src/main/java/de/tum/i13/server/kv/KVStoreImpl.java","start1":45,"end1":51,"start2":158,"end2":165,"tokens":10},{"file1":"gr3/src/main/java/de/tum/i13/client/cli/HelpMessage.java","file2":"gr2/src/test/java/de/tum/i13/KVIntegrationTest.java","start1":5,"end1":23,"start2":312,"end2":321,"tokens":10},{"file1":"gr3/src/test/java/de/tum/i13/server/kv/store/FileKvStoreTest.java","file2":"gr2/src/test/java/de/tum/i13/KVIntegrationTest.java","start1":23,"end1":33,"start2":284,"end2":296,"tokens":10},{"file1":"gr3/src/test/java/de/tum/i13/client/communication/KvClientTest.java","file2":"gr2/src/test/java/de/tum/i13/SynchronisationTests.java","start1":42,"end1":53,"start2":85,"end2":100,"tokens":10},{"file1":"gr3/src/test/java/de/tum/i13/server/kv/cache/implementation/FIFOCacheTest.java","file2":"gr2/src/test/java/de/tum/i13/SortingTest.java","start1":54,"end1":63,"start2":35,"end2":79,"tokens":10},{"file1":"gr3/src/test/java/de/tum/i13/server/kv/cache/implementation/FIFOCacheTest.java","file2":"gr2/src/test/java/de/tum/i13/TestKVCommandProcessor.java","start1":77,"end1":81,"start2":54,"end2":62,"tokens":10},{"file1":"gr3/src/test/java/de/tum/i13/client/communication/KvClientTest.java","file2":"gr2/src/test/java/de/tum/i13/KVIntegrationTestLFU.java","start1":78,"end1":84,"start2":310,"end2":317,"tokens":9},{"file1":"gr3/src/main/java/de/tum/i13/server/kv/store/FileKvStore.java","file2":"gr2/src/main/java/de/tum/i13/server/kv/KVCommandProcessor.java","start1":112,"end1":116,"start2":192,"end2":197,"tokens":9}]}