{"id1":"gr3","id2":"gr13","similarity":0.08715491672370522,"matches":[{"file1":"gr3/src/main/java/de/tum/i13/server/nio/StartSimpleNioServer.java","file2":"gr13/src/main/java/de/tum/i13/server/threadperconnection/ConnectionHandleThread.java","start1":29,"end1":37,"start2":70,"end2":86,"tokens":19},{"file1":"gr3/src/main/java/de/tum/i13/server/kv/KvMessage.java","file2":"gr13/src/main/java/de/tum/i13/server/kv/Message.java","start1":22,"end1":44,"start2":37,"end2":67,"tokens":18},{"file1":"gr3/src/test/java/de/tum/i13/TestMaxSizeLinkedHashMap.java","file2":"gr13/src/test/java/de/tum/i13/server/kv/cache/cacheStrategy/TestCacheLRU.java","start1":48,"end1":59,"start2":87,"end2":96,"tokens":17},{"file1":"gr3/src/test/java/de/tum/i13/TestMaxSizeLinkedHashMap.java","file2":"gr13/src/test/java/de/tum/i13/server/kv/cache/cacheStrategy/TestCacheFIFO.java","start1":62,"end1":73,"start2":82,"end2":94,"tokens":17},{"file1":"gr3/src/test/java/de/tum/i13/server/kv/cache/implementation/FIFOCacheTest.java","file2":"gr13/src/test/java/de/tum/i13/server/kv/cache/cacheStrategy/TestCacheLFU.java","start1":40,"end1":44,"start2":113,"end2":121,"tokens":13},{"file1":"gr3/src/test/java/de/tum/i13/client/communication/KvClientTest.java","file2":"gr13/src/test/java/de/tum/i13/server/kv/TestConnection.java","start1":39,"end1":51,"start2":31,"end2":42,"tokens":12},{"file1":"gr3/src/main/java/de/tum/i13/client/cli/HelpMessage.java","file2":"gr13/src/test/java/de/tum/i13/server/kv/cache/cacheStrategy/TestCacheLRU.java","start1":5,"end1":23,"start2":114,"end2":120,"tokens":10},{"file1":"gr3/src/main/java/de/tum/i13/client/cli/client/CliClient.java","file2":"gr13/src/main/java/de/tum/i13/client/command/kvstore/PutCommand.java","start1":23,"end1":30,"start2":37,"end2":45,"tokens":10},{"file1":"gr3/src/main/java/de/tum/i13/client/cli/CliInput.java","file2":"gr13/src/main/java/de/tum/i13/server/kv/KVCommandProcessor.java","start1":12,"end1":18,"start2":25,"end2":34,"tokens":10},{"file1":"gr3/src/test/java/de/tum/i13/KVIntegrationTest.java","file2":"gr13/src/main/java/de/tum/i13/server/kv/KVCommandProcessor.java","start1":1,"end1":14,"start2":1,"end2":20,"tokens":10},{"file1":"gr3/src/test/java/de/tum/i13/server/kv/cache/implementation/FIFOCacheTest.java","file2":"gr13/src/test/java/de/tum/i13/server/kv/cache/cacheStrategy/TestCacheFIFO.java","start1":77,"end1":81,"start2":112,"end2":116,"tokens":10},{"file1":"gr3/src/main/java/de/tum/i13/server/kv/cache/CacheManager.java","file2":"gr13/src/main/java/de/tum/i13/server/kv/cache/CacheManager.java","start1":107,"end1":111,"start2":209,"end2":215,"tokens":9},{"file1":"gr3/src/main/java/de/tum/i13/client/cli/client/CliClient.java","file2":"gr13/src/main/java/de/tum/i13/server/messageQueue/MessageQueue.java","start1":5,"end1":22,"start2":3,"end2":20,"tokens":9},{"file1":"gr3/src/main/java/de/tum/i13/client/cli/client/CliClient.java","file2":"gr13/src/main/java/de/tum/i13/server/kv/cache/CacheManager.java","start1":35,"end1":42,"start2":98,"end2":106,"tokens":9},{"file1":"gr3/src/test/java/de/tum/i13/server/kv/store/FileKvStoreTest.java","file2":"gr13/src/test/java/de/tum/i13/server/kv/fileManager/TestFileManager.java","start1":23,"end1":31,"start2":66,"end2":72,"tokens":9},{"file1":"gr3/src/test/java/de/tum/i13/client/communication/KvClientTest.java","file2":"gr13/src/test/java/de/tum/i13/client/command/kvstore/TestKVCommand.java","start1":53,"end1":64,"start2":76,"end2":84,"tokens":9}]}