{"id1":"gr3","id2":"gr10","similarity":0.07380073800738007,"matches":[{"file1":"gr3/src/test/java/de/tum/i13/server/kv/store/FileKvStoreTest.java","file2":"gr10/src/test/java/de/tum/i13/server/communication/TestServerParser.java","start1":23,"end1":37,"start2":56,"end2":67,"tokens":14},{"file1":"gr3/src/test/java/de/tum/i13/TestMaxSizeLinkedHashMap.java","file2":"gr10/src/test/java/de/tum/i13/server/data/TestLFUCacheStrategy.java","start1":52,"end1":59,"start2":37,"end2":42,"tokens":12},{"file1":"gr3/src/test/java/de/tum/i13/server/kv/cache/implementation/FIFOCacheTest.java","file2":"gr10/src/test/java/de/tum/i13/TestKVIntegration.java","start1":41,"end1":48,"start2":116,"end2":123,"tokens":12},{"file1":"gr3/src/test/java/de/tum/i13/TestMaxSizeLinkedHashMap.java","file2":"gr10/src/test/java/de/tum/i13/TestKVIntegration.java","start1":66,"end1":72,"start2":165,"end2":170,"tokens":11},{"file1":"gr3/src/main/java/de/tum/i13/client/communication/KvClient.java","file2":"gr10/src/main/java/de/tum/i13/client/communication/Communicator.java","start1":26,"end1":31,"start2":43,"end2":48,"tokens":10},{"file1":"gr3/src/main/java/de/tum/i13/client/communication/KvClient.java","file2":"gr10/src/main/java/de/tum/i13/client/communication/out/TCPSender.java","start1":64,"end1":80,"start2":77,"end2":88,"tokens":10},{"file1":"gr3/src/main/java/de/tum/i13/client/communication/KvClient.java","file2":"gr10/src/main/java/de/tum/i13/shared/config/LogLevelTypeConverter.java","start1":190,"end1":196,"start2":12,"end2":17,"tokens":10},{"file1":"gr3/src/test/java/de/tum/i13/server/kv/store/FileKvStoreTest.java","file2":"gr10/src/test/java/de/tum/i13/TestKVIntegration.java","start1":45,"end1":53,"start2":92,"end2":100,"tokens":10},{"file1":"gr3/src/test/java/de/tum/i13/client/communication/KvClientTest.java","file2":"gr10/src/test/java/de/tum/i13/client/ui/cli/TestParser.java","start1":41,"end1":51,"start2":27,"end2":34,"tokens":10},{"file1":"gr3/src/main/java/de/tum/i13/server/kv/cache/implementation/LRUCache.java","file2":"gr10/src/test/java/de/tum/i13/server/communication/TestServerParser.java","start1":46,"end1":51,"start2":34,"end2":40,"tokens":9},{"file1":"gr3/src/main/java/de/tum/i13/client/cli/HelpMessage.java","file2":"gr10/src/test/java/de/tum/i13/server/communication/TestServerParser.java","start1":5,"end1":22,"start2":42,"end2":48,"tokens":9},{"file1":"gr3/src/main/java/de/tum/i13/client/communication/KvClient.java","file2":"gr10/src/main/java/de/tum/i13/client/ui/cli/Parser.java","start1":110,"end1":116,"start2":96,"end2":101,"tokens":9},{"file1":"gr3/src/main/java/de/tum/i13/client/communication/KvClient.java","file2":"gr10/src/main/java/de/tum/i13/client/communication/out/TCPSender.java","start1":155,"end1":166,"start2":37,"end2":58,"tokens":9},{"file1":"gr3/src/main/java/de/tum/i13/client/cli/CliInput.java","file2":"gr10/src/main/java/de/tum/i13/client/ui/cli/Parser.java","start1":12,"end1":16,"start2":52,"end2":57,"tokens":9},{"file1":"gr3/src/main/java/de/tum/i13/server/kv/cache/implementation/LFUCache.java","file2":"gr10/src/test/java/de/tum/i13/client/ui/cli/TestParser.java","start1":34,"end1":39,"start2":183,"end2":190,"tokens":9},{"file1":"gr3/src/test/java/de/tum/i13/KVIntegrationTest.java","file2":"gr10/src/main/java/de/tum/i13/client/communication/out/TCPSender.java","start1":1,"end1":12,"start2":1,"end2":12,"tokens":9},{"file1":"gr3/src/test/java/de/tum/i13/server/kv/cache/implementation/FIFOCacheTest.java","file2":"gr10/src/test/java/de/tum/i13/client/ui/cli/TestParser.java","start1":60,"end1":68,"start2":75,"end2":81,"tokens":9},{"file1":"gr3/src/test/java/de/tum/i13/server/kv/cache/implementation/FIFOCacheTest.java","file2":"gr10/src/test/java/de/tum/i13/server/communication/TestServerParser.java","start1":77,"end1":80,"start2":70,"end2":76,"tokens":9}]}