{"id1":"gr3","id2":"gr4","similarity":0.05239064089521872,"matches":[{"file1":"gr3/src/main/java/de/tum/i13/server/kv/KvMessage.java","file2":"gr4/src/main/java/de/tum/i13/server/kv/KVMessageImpl.java","start1":24,"end1":44,"start2":14,"end2":33,"tokens":16},{"file1":"gr3/src/test/java/de/tum/i13/TestMaxSizeLinkedHashMap.java","file2":"gr4/src/test/java/de/tum/i13/KVCommandProcessorTest.java","start1":48,"end1":57,"start2":36,"end2":45,"tokens":15},{"file1":"gr3/src/test/java/de/tum/i13/TestMaxSizeLinkedHashMap.java","file2":"gr4/src/test/java/de/tum/i13/ServerImplTest.java","start1":64,"end1":70,"start2":83,"end2":99,"tokens":12},{"file1":"gr3/src/test/java/de/tum/i13/server/kv/cache/implementation/FIFOCacheTest.java","file2":"gr4/src/test/java/de/tum/i13/ServerImplTest.java","start1":41,"end1":46,"start2":60,"end2":68,"tokens":11},{"file1":"gr3/src/main/java/de/tum/i13/server/kv/commandprocessor/KvCommandProcessor.java","file2":"gr4/src/main/java/de/tum/i13/server/kv/KVCommandProcessor.java","start1":39,"end1":42,"start2":150,"end2":156,"tokens":11},{"file1":"gr3/src/main/java/de/tum/i13/server/kv/cache/CacheManager.java","file2":"gr4/src/main/java/de/tum/i13/server/kv/LRU.java","start1":92,"end1":103,"start2":203,"end2":209,"tokens":10},{"file1":"gr3/src/main/java/de/tum/i13/server/kv/cache/CacheManager.java","file2":"gr4/src/main/java/de/tum/i13/server/kv/FIFO.java","start1":107,"end1":115,"start2":190,"end2":202,"tokens":10},{"file1":"gr3/src/test/java/de/tum/i13/KVIntegrationTest.java","file2":"gr4/src/test/java/de/tum/i13/ServerImplTest.java","start1":33,"end1":37,"start2":38,"end2":42,"tokens":9},{"file1":"gr3/src/test/java/de/tum/i13/server/kv/cache/implementation/FIFOCacheTest.java","file2":"gr4/src/test/java/de/tum/i13/KVIntegrationTest.java","start1":58,"end1":66,"start2":51,"end2":60,"tokens":9}]}