{"id1":"gr5","id2":"gr10","similarity":0.04261666311527807,"matches":[{"file1":"gr5/src/main/java/de/tum/i13/client/Client.java","file2":"gr10/src/test/java/de/tum/i13/client/ui/cli/TestParser.java","start1":248,"end1":255,"start2":36,"end2":43,"tokens":11},{"file1":"gr5/src/main/java/de/tum/i13/client/Client.java","file2":"gr10/src/test/java/de/tum/i13/client/TestClientTest.java","start1":262,"end1":269,"start2":77,"end2":82,"tokens":11},{"file1":"gr5/src/main/java/de/tum/i13/client/Client.java","file2":"gr10/src/test/java/de/tum/i13/client/ui/cli/TestParser.java","start1":270,"end1":277,"start2":48,"end2":56,"tokens":11},{"file1":"gr5/src/main/java/de/tum/i13/client/ConnectionHandler.java","file2":"gr10/src/main/java/de/tum/i13/client/TestClient.java","start1":97,"end1":118,"start2":79,"end2":99,"tokens":11},{"file1":"gr5/src/main/java/de/tum/i13/client/Client.java","file2":"gr10/src/test/java/de/tum/i13/client/ui/cli/TestParser.java","start1":87,"end1":93,"start2":89,"end2":95,"tokens":10},{"file1":"gr5/src/test/java/de/tum/i13/TestLFU.java","file2":"gr10/src/test/java/de/tum/i13/client/ui/cli/TestParser.java","start1":87,"end1":96,"start2":58,"end2":65,"tokens":10},{"file1":"gr5/src/main/java/de/tum/i13/client/Client.java","file2":"gr10/src/test/java/de/tum/i13/client/ui/cli/TestParser.java","start1":227,"end1":233,"start2":115,"end2":120,"tokens":9},{"file1":"gr5/src/main/java/de/tum/i13/server/kv/KVMessageImpl.java","file2":"gr10/src/main/java/de/tum/i13/server/logic/responses/ErrorResponse.java","start1":11,"end1":24,"start2":5,"end2":14,"tokens":9},{"file1":"gr5/src/main/java/de/tum/i13/server/kv/KVCommandProcessor.java","file2":"gr10/src/test/java/de/tum/i13/server/communication/TestSession.java","start1":95,"end1":99,"start2":67,"end2":71,"tokens":9},{"file1":"gr5/src/main/java/de/tum/i13/server/kv/FileHandler.java","file2":"gr10/src/main/java/de/tum/i13/client/TestClient.java","start1":171,"end1":184,"start2":35,"end2":43,"tokens":9}]}