{"id1":"gr5","id2":"gr11","similarity":0.05534204458109147,"matches":[{"file1":"gr5/src/main/java/de/tum/i13/server/kv/KVMessageImpl.java","file2":"gr11/src/main/java/de/tum/i13/client/commands/HelpCommand.java","start1":11,"end1":44,"start2":16,"end2":41,"tokens":18},{"file1":"gr5/src/main/java/de/tum/i13/server/kv/Main.java","file2":"gr11/src/main/java/de/tum/i13/server/kv/CachedKVStore.java","start1":28,"end1":40,"start2":56,"end2":69,"tokens":15},{"file1":"gr5/src/main/java/de/tum/i13/client/Command.java","file2":"gr11/src/main/java/de/tum/i13/client/commands/LogLevelCommand.java","start1":10,"end1":17,"start2":40,"end2":42,"tokens":15},{"file1":"gr5/src/main/java/de/tum/i13/server/kv/FileHandler.java","file2":"gr11/src/test/java/de/tum/i13/server/kv/TestCachedKVStore.java","start1":112,"end1":124,"start2":37,"end2":47,"tokens":11},{"file1":"gr5/src/main/java/de/tum/i13/client/ConnectionHandler.java","file2":"gr11/src/test/java/de/tum/i13/server/kv/TestCachedKVStore.java","start1":87,"end1":106,"start2":47,"end2":55,"tokens":11},{"file1":"gr5/src/main/java/de/tum/i13/client/Client.java","file2":"gr11/src/test/java/de/tum/i13/testauxiliaries/TestServer.java","start1":264,"end1":269,"start2":94,"end2":103,"tokens":10},{"file1":"gr5/src/main/java/de/tum/i13/server/kv/FileHandler.java","file2":"gr11/src/main/java/de/tum/i13/client/commands/DisconnectCommand.java","start1":1,"end1":21,"start2":1,"end2":21,"tokens":10},{"file1":"gr5/src/main/java/de/tum/i13/server/kv/KeyValue.java","file2":"gr11/src/main/java/de/tum/i13/server/kv/CachedKVStore.java","start1":5,"end1":15,"start2":34,"end2":46,"tokens":9},{"file1":"gr5/src/test/java/de/tum/i13/TestLFU.java","file2":"gr11/src/test/java/de/tum/i13/server/kv/TestCachedKVStore.java","start1":87,"end1":96,"start2":135,"end2":146,"tokens":9}]}