{"id1":"gr7","id2":"gr1","similarity":0.03141671606401897,"matches":[{"file1":"gr7/src/de/tum/i13/server/kv/ClientConnection.java","file2":"gr1/src/test/java/de/tum/i13/TestKVIntegration.java","start1":85,"end1":93,"start2":185,"end2":193,"tokens":13},{"file1":"gr7/test/de/tum/i13/shared/InMemoryCacheTest.java","file2":"gr1/src/main/java/de/tum/i13/server/kv/KVStoreImpl.java","start1":27,"end1":34,"start2":55,"end2":59,"tokens":11},{"file1":"gr7/test/de/tum/i13/shared/InMemoryCacheTest.java","file2":"gr1/src/main/java/de/tum/i13/server/kv/KVStoreImpl.java","start1":52,"end1":59,"start2":81,"end2":85,"tokens":11},{"file1":"gr7/test/de/tum/i13/shared/InMemoryCacheTest.java","file2":"gr1/src/main/java/de/tum/i13/server/kv/KVStoreImpl.java","start1":78,"end1":84,"start2":61,"end2":64,"tokens":9},{"file1":"gr7/src/de/tum/i13/server/kv/KVMessageImpl.java","file2":"gr1/src/main/java/de/tum/i13/server/kv/KVMessageImpl.java","start1":22,"end1":33,"start2":21,"end2":31,"tokens":9}]}