{"id1":"gr7","id2":"gr2","similarity":0.028345598255655493,"matches":[{"file1":"gr7/test/de/tum/i13/shared/InMemoryCacheTest.java","file2":"gr2/src/test/java/de/tum/i13/KVIntegrationTest.java","start1":30,"end1":43,"start2":135,"end2":147,"tokens":11},{"file1":"gr7/test/de/tum/i13/shared/InMemoryCacheTest.java","file2":"gr2/src/test/java/de/tum/i13/KVIntegrationTest.java","start1":55,"end1":67,"start2":192,"end2":204,"tokens":11},{"file1":"gr7/src/de/tum/i13/server/kv/KVMessageImpl.java","file2":"gr2/src/main/java/de/tum/i13/server/kv/KVMessageImpl.java","start1":19,"end1":33,"start2":13,"end2":26,"tokens":11},{"file1":"gr7/src/de/tum/i13/server/kv/ClientConnection.java","file2":"gr2/src/main/java/de/tum/i13/server/kv/KVStoreImpl.java","start1":87,"end1":93,"start2":106,"end2":113,"tokens":10},{"file1":"gr7/src/de/tum/i13/server/kv/ClientConnection.java","file2":"gr2/src/test/java/de/tum/i13/SynchronisationTests.java","start1":34,"end1":37,"start2":45,"end2":47,"tokens":9}]}