{"id1":"gr7","id2":"gr15","similarity":0.03289124668435013,"matches":[{"file1":"gr7/test/de/tum/i13/shared/InMemoryCacheTest.java","file2":"gr15/src/test/java/de/tum/i13/KVCacheTest.java","start1":30,"end1":43,"start2":42,"end2":50,"tokens":11},{"file1":"gr7/test/de/tum/i13/shared/InMemoryCacheTest.java","file2":"gr15/src/test/java/de/tum/i13/KVCacheTest.java","start1":55,"end1":67,"start2":63,"end2":71,"tokens":11},{"file1":"gr7/src/de/tum/i13/server/kv/ClientConnection.java","file2":"gr15/src/main/java/de/tum/i13/KVserver/kv/KVManager.java","start1":87,"end1":93,"start2":125,"end2":128,"tokens":9}]}