{"id1":"gr8","id2":"gr10","similarity":0.06790842064415988,"matches":[{"file1":"gr8/src/test/java/de/tum/i13/TestStorage.java","file2":"gr10/src/test/java/de/tum/i13/server/data/TestLFUCacheStrategy.java","start1":160,"end1":172,"start2":33,"end2":42,"tokens":17},{"file1":"gr8/src/main/java/de/tum/i13/server/kv/cache/LRU.java","file2":"gr10/src/main/java/de/tum/i13/server/data/cache/strategy/LFUCacheStrategy.java","start1":11,"end1":20,"start2":57,"end2":65,"tokens":12},{"file1":"gr8/src/test/java/de/tum/i13/TestStorage.java","file2":"gr10/src/test/java/de/tum/i13/TestKVIntegration.java","start1":68,"end1":74,"start2":116,"end2":121,"tokens":11},{"file1":"gr8/src/test/java/de/tum/i13/TestStorage.java","file2":"gr10/src/test/java/de/tum/i13/TestKVIntegration.java","start1":84,"end1":91,"start2":165,"end2":170,"tokens":11},{"file1":"gr8/src/test/java/de/tum/i13/TestStorage.java","file2":"gr10/src/test/java/de/tum/i13/server/communication/TestServerParser.java","start1":101,"end1":107,"start2":42,"end2":50,"tokens":11},{"file1":"gr8/src/test/java/de/tum/i13/TestCacheStrategies.java","file2":"gr10/src/test/java/de/tum/i13/client/ui/cli/TestParser.java","start1":38,"end1":47,"start2":73,"end2":81,"tokens":11},{"file1":"gr8/src/test/java/de/tum/i13/TestCacheStrategies.java","file2":"gr10/src/test/java/de/tum/i13/server/communication/TestServerParser.java","start1":71,"end1":80,"start2":71,"end2":80,"tokens":11},{"file1":"gr8/src/test/java/de/tum/i13/TestKVCommandProcessor.java","file2":"gr10/src/test/java/de/tum/i13/client/TestClientTest.java","start1":39,"end1":48,"start2":64,"end2":71,"tokens":10},{"file1":"gr8/src/test/java/de/tum/i13/KVIntegrationTest.java","file2":"gr10/src/main/java/de/tum/i13/server/communication/Session.java","start1":100,"end1":105,"start2":82,"end2":87,"tokens":9},{"file1":"gr8/src/test/java/de/tum/i13/KVIntegrationTest.java","file2":"gr10/src/test/java/de/tum/i13/client/TestClientTest.java","start1":174,"end1":178,"start2":35,"end2":38,"tokens":9},{"file1":"gr8/src/test/java/de/tum/i13/KVIntegrationTest.java","file2":"gr10/src/test/java/de/tum/i13/client/TestClientTest.java","start1":192,"end1":196,"start2":79,"end2":82,"tokens":9},{"file1":"gr8/src/test/java/de/tum/i13/KVIntegrationTest.java","file2":"gr10/src/test/java/de/tum/i13/client/TestClientTest.java","start1":210,"end1":214,"start2":114,"end2":117,"tokens":9},{"file1":"gr8/src/test/java/de/tum/i13/KVIntegrationTest.java","file2":"gr10/src/main/java/de/tum/i13/server/communication/Session.java","start1":240,"end1":250,"start2":61,"end2":67,"tokens":9},{"file1":"gr8/src/main/java/de/tum/i13/server/kv/SFHandler.java","file2":"gr10/src/main/java/de/tum/i13/client/logic/HelpCommand.java","start1":259,"end1":263,"start2":11,"end2":19,"tokens":9},{"file1":"gr8/src/test/java/de/tum/i13/TestStorage.java","file2":"gr10/src/main/java/de/tum/i13/client/TestClient.java","start1":119,"end1":124,"start2":33,"end2":39,"tokens":9},{"file1":"gr8/src/main/java/de/tum/i13/server/nio/SimpleNioServer.java","file2":"gr10/src/test/java/de/tum/i13/TestKVIntegration.java","start1":52,"end1":61,"start2":181,"end2":186,"tokens":9},{"file1":"gr8/src/main/java/de/tum/i13/server/nio/SimpleNioServer.java","file2":"gr10/src/test/java/de/tum/i13/server/data/TestPersistentDataManager.java","start1":62,"end1":67,"start2":77,"end2":81,"tokens":9}]}