{"id1":"gr8","id2":"gr2","similarity":0.06042654028436019,"matches":[{"file1":"gr8/src/main/java/de/tum/i13/server/kv/SFHandler.java","file2":"gr2/src/test/java/de/tum/i13/KVIntegrationTest.java","start1":259,"end1":275,"start2":306,"end2":321,"tokens":17},{"file1":"gr8/src/test/java/de/tum/i13/TestStorage.java","file2":"gr2/src/test/java/de/tum/i13/SortingTest.java","start1":59,"end1":70,"start2":73,"end2":84,"tokens":15},{"file1":"gr8/src/test/java/de/tum/i13/TestStorage.java","file2":"gr2/src/test/java/de/tum/i13/KVIntegrationTest.java","start1":78,"end1":91,"start2":133,"end2":143,"tokens":15},{"file1":"gr8/src/test/java/de/tum/i13/TestStorage.java","file2":"gr2/src/test/java/de/tum/i13/KVIntegrationTest.java","start1":95,"end1":107,"start2":188,"end2":200,"tokens":15},{"file1":"gr8/src/test/java/de/tum/i13/TestStorage.java","file2":"gr2/src/test/java/de/tum/i13/KVIntegrationTest.java","start1":165,"end1":172,"start2":248,"end2":258,"tokens":12},{"file1":"gr8/src/test/java/de/tum/i13/TestCacheStrategies.java","file2":"gr2/src/test/java/de/tum/i13/KVIntegrationTest.java","start1":71,"end1":80,"start2":284,"end2":296,"tokens":12},{"file1":"gr8/src/main/java/de/tum/i13/server/kv/Message.java","file2":"gr2/src/main/java/de/tum/i13/server/kv/KVMessageImpl.java","start1":15,"end1":28,"start2":13,"end2":26,"tokens":11},{"file1":"gr8/src/main/java/de/tum/i13/client/KVStore/KVStoreClient.java","file2":"gr2/src/main/java/de/tum/i13/client/Milestone1Main.java","start1":86,"end1":91,"start2":71,"end2":78,"tokens":10},{"file1":"gr8/src/test/java/de/tum/i13/TestCacheStrategies.java","file2":"gr2/src/test/java/de/tum/i13/KVIntegrationTestLFU.java","start1":40,"end1":47,"start2":115,"end2":126,"tokens":10},{"file1":"gr8/src/main/java/de/tum/i13/server/kv/KVCommandProcessor.java","file2":"gr2/src/test/java/de/tum/i13/KVIntegrationTest.java","start1":137,"end1":141,"start2":113,"end2":115,"tokens":9},{"file1":"gr8/src/main/java/de/tum/i13/server/kv/KVCommandProcessor.java","file2":"gr2/src/test/java/de/tum/i13/KVIntegrationTest.java","start1":144,"end1":148,"start2":150,"end2":152,"tokens":9},{"file1":"gr8/src/test/java/de/tum/i13/TestCacheStrategies.java","file2":"gr2/src/test/java/de/tum/i13/KVIntegrationTestLFU.java","start1":155,"end1":163,"start2":132,"end2":144,"tokens":9},{"file1":"gr8/src/test/java/de/tum/i13/TestCacheStrategies.java","file2":"gr2/src/test/java/de/tum/i13/KVIntegrationTestLFU.java","start1":173,"end1":181,"start2":189,"end2":201,"tokens":9}]}