{"id1":"gr1","id2":"gr11","similarity":0.07975460122699386,"matches":[{"file1":"gr1/src/main/java/de/tum/i13/client/TestClient.java","file2":"gr11/src/main/java/de/tum/i13/client/ShellInterpreter.java","start1":10,"end1":28,"start2":3,"end2":22,"tokens":14},{"file1":"gr1/src/main/java/de/tum/i13/communication/TelnetSocket.java","file2":"gr11/src/main/java/de/tum/i13/client/connection/SocketConnection.java","start1":1,"end1":24,"start2":1,"end2":20,"tokens":11},{"file1":"gr1/src/main/java/de/tum/i13/communication/TelnetClient.java","file2":"gr11/src/main/java/de/tum/i13/client/connection/IConnection.java","start1":28,"end1":66,"start2":16,"end2":37,"tokens":9},{"file1":"gr1/src/main/java/de/tum/i13/communication/TelnetSocket.java","file2":"gr11/src/main/java/de/tum/i13/client/connection/ConnectionManager.java","start1":72,"end1":81,"start2":58,"end2":70,"tokens":9},{"file1":"gr1/src/main/java/de/tum/i13/client/TestClient.java","file2":"gr11/src/main/java/de/tum/i13/client/TestClient.java","start1":28,"end1":36,"start2":14,"end2":28,"tokens":9}]}