{"id1":"gr1","id2":"gr10","similarity":0.06631299734748011,"matches":[{"file1":"gr1/src/main/java/de/tum/i13/communication/TelnetSocket.java","file2":"gr10/src/main/java/de/tum/i13/client/ui/cli/CLIInput.java","start1":4,"end1":31,"start2":3,"end2":19,"tokens":12},{"file1":"gr1/src/main/java/de/tum/i13/client/TestClient.java","file2":"gr10/src/main/java/de/tum/i13/client/TestClient.java","start1":10,"end1":27,"start2":3,"end2":17,"tokens":11},{"file1":"gr1/src/main/java/de/tum/i13/client/TestClient.java","file2":"gr10/src/test/java/de/tum/i13/client/ui/cli/TestParser.java","start1":40,"end1":49,"start2":47,"end2":53,"tokens":9},{"file1":"gr1/src/main/java/de/tum/i13/shared/Constants.java","file2":"gr10/src/main/java/de/tum/i13/client/communication/Communicator.java","start1":1,"end1":19,"start2":1,"end2":13,"tokens":9},{"file1":"gr1/src/main/java/de/tum/i13/shared/Constants.java","file2":"gr10/src/main/java/de/tum/i13/logic/HelpCommand.java","start1":29,"end1":35,"start2":10,"end2":20,"tokens":9}]}