{"id1":"gr1","id2":"gr4","similarity":0.08678102926337034,"matches":[{"file1":"gr1/src/main/java/de/tum/i13/client/TestClient.java","file2":"gr4/src/main/java/de/tum/i13/client/DatabaseConnector.java","start1":11,"end1":28,"start2":3,"end2":26,"tokens":13},{"file1":"gr1/src/main/java/de/tum/i13/communication/TelnetSocket.java","file2":"gr4/src/main/java/de/tum/i13/command/Commands.java","start1":1,"end1":24,"start2":1,"end2":23,"tokens":11},{"file1":"gr1/src/main/java/de/tum/i13/shared/Constants.java","file2":"gr4/src/main/java/de/tum/i13/command/Commands.java","start1":24,"end1":28,"start2":264,"end2":274,"tokens":10},{"file1":"gr1/src/main/java/de/tum/i13/client/TestClient.java","file2":"gr4/src/main/java/de/tum/i13/command/Commands.java","start1":204,"end1":209,"start2":88,"end2":102,"tokens":9}]}