{"id1":"gr11","id2":"gr10","similarity":0.12205567451820129,"matches":[{"file1":"gr11/src/main/java/de/tum/i13/client/commands/LogLevelCommand.java","file2":"gr10/src/main/java/de/tum/i13/client/ui/cli/CLIInput.java","start1":3,"end1":27,"start2":4,"end2":23,"tokens":15},{"file1":"gr11/src/main/java/de/tum/i13/client/ShellInterpreter.java","file2":"gr10/src/main/java/de/tum/i13/client/TestClient.java","start1":1,"end1":21,"start2":1,"end2":17,"tokens":12},{"file1":"gr11/src/test/java/de/tum/i13/client/TestCommandFactory.java","file2":"gr10/src/test/java/de/tum/i13/client/ui/cli/TestParser.java","start1":61,"end1":73,"start2":64,"end2":72,"tokens":12},{"file1":"gr11/src/main/java/de/tum/i13/client/commands/QuitCommand.java","file2":"gr10/src/main/java/de/tum/i13/logic/LogLevelCommand.java","start1":1,"end1":22,"start2":1,"end2":16,"tokens":11},{"file1":"gr11/src/main/java/de/tum/i13/client/connection/SocketConnection.java","file2":"gr10/src/main/java/de/tum/i13/client/ui/cli/Parser.java","start1":147,"end1":158,"start2":62,"end2":67,"tokens":10},{"file1":"gr11/src/main/java/de/tum/i13/client/commands/HelpCommand.java","file2":"gr10/src/main/java/de/tum/i13/logic/SendCommand.java","start1":5,"end1":22,"start2":3,"end2":15,"tokens":9},{"file1":"gr11/src/main/java/de/tum/i13/client/commands/HelpCommand.java","file2":"gr10/src/main/java/de/tum/i13/logic/LogLevelCommand.java","start1":37,"end1":46,"start2":17,"end2":25,"tokens":9},{"file1":"gr11/src/main/java/de/tum/i13/client/connection/SocketConnection.java","file2":"gr10/src/test/java/de/tum/i13/client/ui/cli/TestParser.java","start1":4,"end1":20,"start2":3,"end2":15,"tokens":9},{"file1":"gr11/src/main/java/de/tum/i13/client/connection/SocketConnection.java","file2":"gr10/src/main/java/de/tum/i13/logic/ConnectCommand.java","start1":24,"end1":33,"start2":9,"end2":17,"tokens":9},{"file1":"gr11/src/main/java/de/tum/i13/client/connection/SocketConnection.java","file2":"gr10/src/main/java/de/tum/i13/client/ui/cli/Parser.java","start1":54,"end1":63,"start2":112,"end2":116,"tokens":9},{"file1":"gr11/src/main/java/de/tum/i13/client/commands/SendCommand.java","file2":"gr10/src/main/java/de/tum/i13/logic/SendCommand.java","start1":39,"end1":48,"start2":16,"end2":24,"tokens":9}]}