{"id1":"gr12","id2":"gr13","similarity":0.07589285714285714,"matches":[{"file1":"gr12/src/main/java/de/tum/i13/client/Connection.java","file2":"gr13/src/main/java/de/tum/i13/client/ClientLib.java","start1":103,"end1":110,"start2":105,"end2":111,"tokens":13},{"file1":"gr12/src/main/java/de/tum/i13/client/Connection.java","file2":"gr13/src/main/java/de/tum/i13/command/Command.java","start1":1,"end1":18,"start2":1,"end2":25,"tokens":12},{"file1":"gr12/src/main/java/de/tum/i13/client/Application.java","file2":"gr13/src/main/java/de/tum/i13/client/ClientLib.java","start1":1,"end1":20,"start2":1,"end2":13,"tokens":9}]}