{"id1":"gr12","id2":"gr11","similarity":0.05321888412017167,"matches":[{"file1":"gr12/src/main/java/de/tum/i13/client/Application.java","file2":"gr11/src/main/java/de/tum/i13/client/ShellInterpreter.java","start1":3,"end1":23,"start2":6,"end2":23,"tokens":12},{"file1":"gr12/src/main/java/de/tum/i13/client/Connection.java","file2":"gr11/src/main/java/de/tum/i13/client/commands/LogLevelCommand.java","start1":3,"end1":17,"start2":4,"end2":22,"tokens":10},{"file1":"gr12/src/main/java/de/tum/i13/client/ConnectionInterface.java","file2":"gr11/src/main/java/de/tum/i13/client/connection/IConnection.java","start1":13,"end1":22,"start2":16,"end2":37,"tokens":9}]}