{"id1":"gr12","id2":"gr1","similarity":0.084472049689441,"matches":[{"file1":"gr12/src/main/java/de/tum/i13/client/ConnectionInterface.java","file2":"gr1/src/main/java/de/tum/i13/communication/TelnetClient.java","start1":13,"end1":22,"start2":28,"end2":66,"tokens":12},{"file1":"gr12/src/main/java/de/tum/i13/client/Connection.java","file2":"gr1/src/main/java/de/tum/i13/communication/TelnetSocket.java","start1":3,"end1":18,"start2":6,"end2":32,"tokens":11},{"file1":"gr12/src/main/java/de/tum/i13/client/Application.java","file2":"gr1/src/main/java/de/tum/i13/client/TestClient.java","start1":3,"end1":21,"start2":13,"end2":28,"tokens":11}]}