{"id1":"gr12","id2":"gr2","similarity":0.10579345088161209,"matches":[{"file1":"gr12/src/main/java/de/tum/i13/client/Connection.java","file2":"gr2/src/main/java/de/tum/i13/client/Client.java","start1":1,"end1":18,"start2":1,"end2":27,"tokens":12},{"file1":"gr12/src/main/java/de/tum/i13/client/ConnectionInterface.java","file2":"gr2/src/main/java/de/tum/i13/client/Communication/CommunicationInterface.java","start1":13,"end1":19,"start2":7,"end2":10,"tokens":11},{"file1":"gr12/src/main/java/de/tum/i13/client/Application.java","file2":"gr2/src/main/java/de/tum/i13/client/Client.java","start1":136,"end1":140,"start2":146,"end2":152,"tokens":10},{"file1":"gr12/src/main/java/de/tum/i13/client/Application.java","file2":"gr2/src/main/java/de/tum/i13/client/Logging/LogImpl.java","start1":5,"end1":21,"start2":3,"end2":16,"tokens":9}]}