{"id1":"gr12","id2":"gr4","similarity":0.09859154929577464,"matches":[{"file1":"gr12/src/main/java/de/tum/i13/client/Application.java","file2":"gr4/src/main/java/de/tum/i13/client/DatabaseConnector.java","start1":3,"end1":23,"start2":5,"end2":27,"tokens":12},{"file1":"gr12/src/main/java/de/tum/i13/client/Application.java","file2":"gr4/src/main/java/de/tum/i13/client/Parser.java","start1":57,"end1":68,"start2":39,"end2":49,"tokens":12},{"file1":"gr12/src/main/java/de/tum/i13/client/Connection.java","file2":"gr4/src/main/java/de/tum/i13/client/DatabaseConnector.java","start1":105,"end1":107,"start2":144,"end2":147,"tokens":9},{"file1":"gr12/src/main/java/de/tum/i13/client/Application.java","file2":"gr4/src/main/java/de/tum/i13/client/Parser.java","start1":130,"end1":134,"start2":101,"end2":105,"tokens":9}]}