{"id1":"gr13","id2":"gr11","similarity":0.08172043010752689,"matches":[{"file1":"gr13/src/main/java/de/tum/i13/client/ClientLib.java","file2":"gr11/src/main/java/de/tum/i13/client/commands/LogLevelCommand.java","start1":1,"end1":24,"start2":1,"end2":26,"tokens":15},{"file1":"gr13/src/main/java/de/tum/i13/client/ClientCLI.java","file2":"gr11/src/main/java/de/tum/i13/client/ShellInterpreter.java","start1":137,"end1":144,"start2":65,"end2":74,"tokens":13},{"file1":"gr13/src/main/java/de/tum/i13/client/ClientCLI.java","file2":"gr11/src/main/java/de/tum/i13/client/ShellInterpreter.java","start1":12,"end1":25,"start2":3,"end2":21,"tokens":11},{"file1":"gr13/src/main/java/de/tum/i13/client/ClientCLI.java","file2":"gr11/src/main/java/de/tum/i13/client/connection/SocketConnection.java","start1":1,"end1":11,"start2":1,"end2":11,"tokens":9},{"file1":"gr13/src/main/java/de/tum/i13/client/ClientCLI.java","file2":"gr11/src/main/java/de/tum/i13/client/TestClient.java","start1":41,"end1":45,"start2":28,"end2":33,"tokens":9}]}