{"id1":"gr13","id2":"gr10","similarity":0.047529706066291436,"matches":[{"file1":"gr13/src/main/java/de/tum/i13/client/ClientLib.java","file2":"gr10/src/main/java/de/tum/i13/client/ui/cli/CLIInput.java","start1":3,"end1":24,"start2":4,"end2":22,"tokens":14},{"file1":"gr13/src/main/java/de/tum/i13/command/Command.java","file2":"gr10/src/main/java/de/tum/i13/client/communication/out/TCPSender.java","start1":1,"end1":25,"start2":1,"end2":15,"tokens":12},{"file1":"gr13/src/main/java/de/tum/i13/client/ClientCLI.java","file2":"gr10/src/main/java/de/tum/i13/client/TestClient.java","start1":12,"end1":27,"start2":3,"end2":19,"tokens":12}]}