{"id1":"gr14","id2":"gr3","similarity":0.06904761904761905,"matches":[{"file1":"gr14/src/main/java/de/tum/i13/client/Main.java","file2":"gr3/src/main/java/de/tum/i13/cli/Cli.java","start1":3,"end1":16,"start2":5,"end2":19,"tokens":11},{"file1":"gr14/src/main/java/de/tum/i13/client/ClientService.java","file2":"gr3/src/main/java/de/tum/i13/client/Client.java","start1":5,"end1":16,"start2":3,"end2":18,"tokens":9},{"file1":"gr14/src/main/java/de/tum/i13/client/ClientController.java","file2":"gr3/src/test/java/de/tum/i13/client/ClientTest.java","start1":4,"end1":15,"start2":3,"end2":17,"tokens":9}]}