{"id1":"gr14","id2":"gr4","similarity":0.09148665819567979,"matches":[{"file1":"gr14/src/main/java/de/tum/i13/client/ClientController.java","file2":"gr4/src/main/java/de/tum/i13/client/Parser.java","start1":59,"end1":80,"start2":105,"end2":133,"tokens":16},{"file1":"gr14/src/main/java/de/tum/i13/client/Main.java","file2":"gr4/src/main/java/de/tum/i13/client/DatabaseConnector.java","start1":3,"end1":16,"start2":4,"end2":24,"tokens":11},{"file1":"gr14/src/main/java/de/tum/i13/client/ClientController.java","file2":"gr4/src/main/java/de/tum/i13/command/Commands.java","start1":25,"end1":39,"start2":87,"end2":101,"tokens":9}]}