{"id1":"gr14","id2":"gr17","similarity":0.1298342541436464,"matches":[{"file1":"gr14/src/main/java/de/tum/i13/client/ClientService.java","file2":"gr17/src/main/java/de/tum/i13/client/Application.java","start1":1,"end1":15,"start2":1,"end2":35,"tokens":10},{"file1":"gr14/src/main/java/de/tum/i13/client/Main.java","file2":"gr17/src/main/java/de/tum/i13/client/TestClient.java","start1":5,"end1":16,"start2":3,"end2":21,"tokens":10},{"file1":"gr14/src/main/java/de/tum/i13/client/ClientService.java","file2":"gr17/src/main/java/de/tum/i13/client/Application.java","start1":78,"end1":94,"start2":300,"end2":329,"tokens":9},{"file1":"gr14/src/main/java/de/tum/i13/client/ClientController.java","file2":"gr17/src/main/java/de/tum/i13/client/Application.java","start1":25,"end1":39,"start2":357,"end2":374,"tokens":9},{"file1":"gr14/src/main/java/de/tum/i13/client/ClientController.java","file2":"gr17/src/main/java/de/tum/i13/client/Application.java","start1":54,"end1":59,"start2":341,"end2":350,"tokens":9}]}