{"id1":"gr14","id2":"gr13","similarity":0.09626955475330927,"matches":[{"file1":"gr14/src/main/java/de/tum/i13/client/ClientService.java","file2":"gr13/src/main/java/de/tum/i13/client/ClientLib.java","start1":4,"end1":23,"start2":4,"end2":23,"tokens":12},{"file1":"gr14/src/main/java/de/tum/i13/client/ClientController.java","file2":"gr13/src/main/java/de/tum/i13/command/Command.java","start1":1,"end1":13,"start2":1,"end2":19,"tokens":10},{"file1":"gr14/src/main/java/de/tum/i13/client/ClientService.java","file2":"gr13/src/main/java/de/tum/i13/command/ConnectCommand.java","start1":64,"end1":76,"start2":23,"end2":41,"tokens":9},{"file1":"gr14/src/main/java/de/tum/i13/client/Main.java","file2":"gr13/src/main/java/de/tum/i13/client/ClientCLI.java","start1":3,"end1":16,"start2":14,"end2":25,"tokens":9}]}