{"id1":"gr14","id2":"gr10","similarity":0.06288343558282208,"matches":[{"file1":"gr14/src/main/java/de/tum/i13/client/ClientService.java","file2":"gr10/src/main/java/de/tum/i13/client/ui/cli/CLIInput.java","start1":4,"end1":23,"start2":5,"end2":21,"tokens":12},{"file1":"gr14/src/main/java/de/tum/i13/client/Main.java","file2":"gr10/src/test/java/de/tum/i13/client/ui/cli/TestParser.java","start1":1,"end1":16,"start2":1,"end2":15,"tokens":10},{"file1":"gr14/src/main/java/de/tum/i13/client/ClientController.java","file2":"gr10/src/main/java/de/tum/i13/client/communication/out/TCPSender.java","start1":1,"end1":13,"start2":1,"end2":13,"tokens":10},{"file1":"gr14/src/main/java/de/tum/i13/client/Main.java","file2":"gr10/src/test/java/de/tum/i13/client/ui/cli/TestParser.java","start1":84,"end1":90,"start2":47,"end2":53,"tokens":9}]}