{"id1":"gr14","id2":"gr2","similarity":0.09053497942386832,"matches":[{"file1":"gr14/src/main/java/de/tum/i13/client/ClientService.java","file2":"gr2/src/main/java/de/tum/i13/client/Communication/ComImpl.java","start1":1,"end1":23,"start2":1,"end2":18,"tokens":13},{"file1":"gr14/src/main/java/de/tum/i13/client/Main.java","file2":"gr2/src/main/java/de/tum/i13/client/TestClient.java","start1":7,"end1":28,"start2":3,"end2":15,"tokens":10},{"file1":"gr14/src/main/java/de/tum/i13/client/ClientController.java","file2":"gr2/src/main/java/de/tum/i13/client/Client.java","start1":1,"end1":13,"start2":1,"end2":25,"tokens":10}]}