{"id1":"gr14","id2":"gr5","similarity":0.1027190332326284,"matches":[{"file1":"gr14/src/main/java/de/tum/i13/client/ClientService.java","file2":"gr5/src/main/java/de/tum/i13/client/ConnectionHandler.java","start1":1,"end1":24,"start2":1,"end2":31,"tokens":15},{"file1":"gr14/src/main/java/de/tum/i13/client/Main.java","file2":"gr5/src/main/java/de/tum/i13/client/Client.java","start1":84,"end1":90,"start2":129,"end2":136,"tokens":10},{"file1":"gr14/src/main/java/de/tum/i13/client/Main.java","file2":"gr5/src/main/java/de/tum/i13/client/Client.java","start1":3,"end1":16,"start2":6,"end2":23,"tokens":9}]}