{"id1":"gr14","id2":"gr1","similarity":0.13513513513513514,"matches":[{"file1":"gr14/src/main/java/de/tum/i13/client/Main.java","file2":"gr1/src/main/java/de/tum/i13/client/TestClient.java","start1":3,"end1":16,"start2":12,"end2":27,"tokens":11},{"file1":"gr14/src/main/java/de/tum/i13/client/ClientService.java","file2":"gr1/src/main/java/de/tum/i13/communication/TelnetSocket.java","start1":4,"end1":16,"start2":6,"end2":31,"tokens":10},{"file1":"gr14/src/main/java/de/tum/i13/client/Main.java","file2":"gr1/src/main/java/de/tum/i13/client/TestClient.java","start1":84,"end1":90,"start2":40,"end2":49,"tokens":10},{"file1":"gr14/src/main/java/de/tum/i13/client/ClientController.java","file2":"gr1/src/main/java/de/tum/i13/client/TestClient.java","start1":84,"end1":101,"start2":205,"end2":214,"tokens":10},{"file1":"gr14/src/main/java/de/tum/i13/client/ClientController.java","file2":"gr1/src/main/java/de/tum/i13/shared/Constants.java","start1":1,"end1":12,"start2":1,"end2":19,"tokens":9}]}