{"id1":"gr14","id2":"gr15","similarity":0.091324200913242,"matches":[{"file1":"gr14/src/main/java/de/tum/i13/client/ClientService.java","file2":"gr15/src/main/java/de/tum/i13/util/ServerConnection.java","start1":1,"end1":23,"start2":1,"end2":20,"tokens":12},{"file1":"gr14/src/main/java/de/tum/i13/client/Main.java","file2":"gr15/src/test/java/de/tum/i13/TestSomething.java","start1":1,"end1":14,"start2":1,"end2":13,"tokens":9},{"file1":"gr14/src/main/java/de/tum/i13/client/ClientController.java","file2":"gr15/src/main/java/de/tum/i13/util/CommandHandler.java","start1":59,"end1":71,"start2":112,"end2":134,"tokens":9}]}