{"id1":"gr15","id2":"gr17","similarity":0.08994082840236686,"matches":[{"file1":"gr15/src/main/java/de/tum/i13/util/ServerConnection.java","file2":"gr17/src/main/java/de/tum/i13/client/Application.java","start1":1,"end1":17,"start2":1,"end2":35,"tokens":10},{"file1":"gr15/src/main/java/de/tum/i13/util/CommandHandler.java","file2":"gr17/src/main/java/de/tum/i13/client/TestClient.java","start1":3,"end1":19,"start2":5,"end2":26,"tokens":10},{"file1":"gr15/src/main/java/de/tum/i13/util/CommandHandler.java","file2":"gr17/src/main/java/de/tum/i13/client/Application.java","start1":120,"end1":135,"start2":331,"end2":346,"tokens":9},{"file1":"gr15/src/main/java/de/tum/i13/util/CommandHandler.java","file2":"gr17/src/main/java/de/tum/i13/client/Application.java","start1":144,"end1":153,"start2":198,"end2":210,"tokens":9}]}