{"id1":"gr15","id2":"gr3","similarity":0.08949011446409989,"matches":[{"file1":"gr15/src/test/java/de/tum/i13/TestSomething.java","file2":"gr3/src/test/java/de/tum/i13/cli/CliInputTest.java","start1":26,"end1":45,"start2":17,"end2":32,"tokens":14},{"file1":"gr15/src/main/java/de/tum/i13/util/CommandHandler.java","file2":"gr3/src/main/java/de/tum/i13/cli/Cli.java","start1":3,"end1":21,"start2":8,"end2":23,"tokens":11},{"file1":"gr15/src/main/java/de/tum/i13/util/ServerConnection.java","file2":"gr3/src/main/java/de/tum/i13/client/Client.java","start1":4,"end1":18,"start2":3,"end2":18,"tokens":9},{"file1":"gr15/src/main/java/de/tum/i13/util/ServerConnection.java","file2":"gr3/src/main/java/de/tum/i13/client/Client.java","start1":75,"end1":80,"start2":156,"end2":167,"tokens":9}]}