{"id1":"gr15","id2":"gr4","similarity":0.08590308370044053,"matches":[{"file1":"gr15/src/main/java/de/tum/i13/util/CommandHandler.java","file2":"gr4/src/main/java/de/tum/i13/client/Shell.java","start1":1,"end1":18,"start2":1,"end2":18,"tokens":10},{"file1":"gr15/src/main/java/de/tum/i13/util/CommandHandler.java","file2":"gr4/src/main/java/de/tum/i13/client/Parser.java","start1":38,"end1":43,"start2":94,"end2":104,"tokens":10},{"file1":"gr15/src/main/java/de/tum/i13/util/CommandHandler.java","file2":"gr4/src/main/java/de/tum/i13/command/Commands.java","start1":137,"end1":144,"start2":34,"end2":44,"tokens":10},{"file1":"gr15/src/main/java/de/tum/i13/util/CommandHandler.java","file2":"gr4/src/main/java/de/tum/i13/client/Parser.java","start1":112,"end1":134,"start2":107,"end2":121,"tokens":9}]}