{"id1":"gr16","id2":"gr1","similarity":0.08139534883720931,"matches":[{"file1":"gr16/src/main/java/de/tum/i13/client/Client.java","file2":"gr1/src/main/java/de/tum/i13/client/TestClient.java","start1":82,"end1":88,"start2":118,"end2":123,"tokens":10},{"file1":"gr16/src/main/java/de/tum/i13/client/Client.java","file2":"gr1/src/main/java/de/tum/i13/client/TestClient.java","start1":3,"end1":10,"start2":14,"end2":27,"tokens":9},{"file1":"gr16/src/main/java/de/tum/i13/client/Client.java","file2":"gr1/src/main/java/de/tum/i13/client/TestClient.java","start1":19,"end1":24,"start2":34,"end2":41,"tokens":9}]}