{"id1":"gr17","id2":"gr11","similarity":0.046583850931677016,"matches":[{"file1":"gr17/src/main/java/de/tum/i13/client/TestClient.java","file2":"gr11/src/main/java/de/tum/i13/client/ShellInterpreter.java","start1":3,"end1":26,"start2":6,"end2":22,"tokens":11},{"file1":"gr17/src/main/java/de/tum/i13/client/ConnectionManager.java","file2":"gr11/src/main/java/de/tum/i13/client/commands/LogLevelCommand.java","start1":3,"end1":38,"start2":5,"end2":24,"tokens":10},{"file1":"gr17/src/main/java/de/tum/i13/client/Connection.java","file2":"gr11/src/main/java/de/tum/i13/client/connection/IConnectionManager.java","start1":41,"end1":75,"start2":19,"end2":40,"tokens":9}]}