{"id1":"gr17","id2":"gr3","similarity":0.09533073929961089,"matches":[{"file1":"gr17/src/main/java/de/tum/i13/client/Application.java","file2":"gr3/src/main/java/de/tum/i13/cli/commands/CliHelpCommand.java","start1":97,"end1":115,"start2":11,"end2":40,"tokens":19},{"file1":"gr17/src/main/java/de/tum/i13/client/TestClient.java","file2":"gr3/src/main/java/de/tum/i13/cli/Cli.java","start1":3,"end1":26,"start2":6,"end2":21,"tokens":11},{"file1":"gr17/src/main/java/de/tum/i13/client/ConnectionManager.java","file2":"gr3/src/main/java/de/tum/i13/client/Client.java","start1":1,"end1":36,"start2":1,"end2":18,"tokens":10},{"file1":"gr17/src/main/java/de/tum/i13/client/Application.java","file2":"gr3/src/test/java/de/tum/i13/client/ClientTest.java","start1":354,"end1":364,"start2":69,"end2":76,"tokens":9}]}