{"id1":"gr17","id2":"gr1","similarity":0.11637931034482758,"matches":[{"file1":"gr17/src/main/java/de/tum/i13/client/Application.java","file2":"gr1/src/main/java/de/tum/i13/shared/Constants.java","start1":346,"end1":363,"start2":24,"end2":31,"tokens":16},{"file1":"gr17/src/main/java/de/tum/i13/client/TestClient.java","file2":"gr1/src/main/java/de/tum/i13/client/TestClient.java","start1":3,"end1":26,"start2":13,"end2":28,"tokens":11},{"file1":"gr17/src/main/java/de/tum/i13/client/Connection.java","file2":"gr1/src/main/java/de/tum/i13/communication/TelnetClient.java","start1":3,"end1":41,"start2":9,"end2":54,"tokens":9},{"file1":"gr17/src/main/java/de/tum/i13/client/Application.java","file2":"gr1/src/main/java/de/tum/i13/shared/Constants.java","start1":1,"end1":30,"start2":1,"end2":19,"tokens":9},{"file1":"gr17/src/main/java/de/tum/i13/client/ConnectionManager.java","file2":"gr1/src/main/java/de/tum/i13/communication/TelnetSocket.java","start1":3,"end1":36,"start2":7,"end2":31,"tokens":9}]}