{"id1":"gr17","id2":"gr4","similarity":0.11487179487179487,"matches":[{"file1":"gr17/src/main/java/de/tum/i13/client/Application.java","file2":"gr4/src/main/java/de/tum/i13/command/Commands.java","start1":96,"end1":117,"start2":153,"end2":176,"tokens":23},{"file1":"gr17/src/main/java/de/tum/i13/client/Application.java","file2":"gr4/src/main/java/de/tum/i13/command/Commands.java","start1":354,"end1":375,"start2":84,"end2":102,"tokens":12},{"file1":"gr17/src/main/java/de/tum/i13/client/TestClient.java","file2":"gr4/src/main/java/de/tum/i13/command/Commands.java","start1":3,"end1":26,"start2":6,"end2":24,"tokens":12},{"file1":"gr17/src/main/java/de/tum/i13/client/Application.java","file2":"gr4/src/main/java/de/tum/i13/client/Parser.java","start1":52,"end1":59,"start2":63,"end2":74,"tokens":9}]}