{"id1":"gr2","id2":"gr4","similarity":0.05714285714285714,"matches":[{"file1":"gr2/src/main/java/de/tum/i13/client/TestClient.java","file2":"gr4/src/main/java/de/tum/i13/client/Shell.java","start1":3,"end1":15,"start2":5,"end2":20,"tokens":10},{"file1":"gr2/src/main/java/de/tum/i13/client/Logging/LogImpl.java","file2":"gr4/src/main/java/de/tum/i13/client/DatabaseConnector.java","start1":3,"end1":16,"start2":7,"end2":26,"tokens":9},{"file1":"gr2/src/main/java/de/tum/i13/client/Communication/ComImpl.java","file2":"gr4/src/main/java/de/tum/i13/client/DatabaseConnector.java","start1":94,"end1":102,"start2":169,"end2":179,"tokens":9}]}