{"id1":"gr2","id2":"gr17","similarity":0.06324972737186478,"matches":[{"file1":"gr2/src/main/java/de/tum/i13/client/Client.java","file2":"gr17/src/main/java/de/tum/i13/client/Application.java","start1":1,"end1":25,"start2":1,"end2":35,"tokens":10},{"file1":"gr2/src/main/java/de/tum/i13/client/Communication/ComImpl.java","file2":"gr17/src/main/java/de/tum/i13/client/ConnectionManager.java","start1":5,"end1":18,"start2":3,"end2":38,"tokens":10},{"file1":"gr2/src/main/java/de/tum/i13/client/Logging/LogImpl.java","file2":"gr17/src/main/java/de/tum/i13/client/TestClient.java","start1":3,"end1":16,"start2":6,"end2":26,"tokens":9}]}