{"id1":"gr2","id2":"gr11","similarity":0.06960556844547564,"matches":[{"file1":"gr2/src/main/java/de/tum/i13/client/TestClient.java","file2":"gr11/src/main/java/de/tum/i13/client/TestClient.java","start1":3,"end1":21,"start2":5,"end2":27,"tokens":14},{"file1":"gr2/src/main/java/de/tum/i13/client/Communication/ComImpl.java","file2":"gr11/src/main/java/de/tum/i13/client/commands/LogLevelCommand.java","start1":3,"end1":19,"start2":4,"end2":26,"tokens":13},{"file1":"gr2/src/main/java/de/tum/i13/client/Logging/LogImpl.java","file2":"gr11/src/main/java/de/tum/i13/client/ShellInterpreter.java","start1":3,"end1":16,"start2":8,"end2":22,"tokens":9},{"file1":"gr2/src/main/java/de/tum/i13/client/Communication/CommunicationInterface.java","file2":"gr11/src/main/java/de/tum/i13/client/commands/ICommand.java","start1":8,"end1":11,"start2":18,"end2":40,"tokens":9}]}