{"id1":"gr2","id2":"gr10","similarity":0.05076820307281229,"matches":[{"file1":"gr2/src/main/java/de/tum/i13/client/Logging/LoggingInterface.java","file2":"gr10/src/main/java/de/tum/i13/client/Visitor.java","start1":1,"end1":23,"start2":1,"end2":12,"tokens":13},{"file1":"gr2/src/main/java/de/tum/i13/client/Communication/ComImpl.java","file2":"gr10/src/main/java/de/tum/i13/client/ui/cli/CLIInput.java","start1":3,"end1":19,"start2":5,"end2":22,"tokens":13},{"file1":"gr2/src/main/java/de/tum/i13/client/Client.java","file2":"gr10/src/main/java/de/tum/i13/client/communication/out/TCPSender.java","start1":1,"end1":27,"start2":1,"end2":15,"tokens":12}]}