{"id1":"gr2","id2":"gr13","similarity":0.09375,"matches":[{"file1":"gr2/src/main/java/de/tum/i13/client/Communication/ComImpl.java","file2":"gr13/src/main/java/de/tum/i13/client/ClientLib.java","start1":3,"end1":29,"start2":4,"end2":35,"tokens":15},{"file1":"gr2/src/main/java/de/tum/i13/client/Client.java","file2":"gr13/src/main/java/de/tum/i13/command/Command.java","start1":1,"end1":30,"start2":1,"end2":37,"tokens":14},{"file1":"gr2/src/main/java/de/tum/i13/client/Client.java","file2":"gr13/src/main/java/de/tum/i13/command/LogLevelCommand.java","start1":112,"end1":127,"start2":24,"end2":38,"tokens":10},{"file1":"gr2/src/main/java/de/tum/i13/client/Client.java","file2":"gr13/src/main/java/de/tum/i13/command/LogLevelCommand.java","start1":127,"end1":141,"start2":39,"end2":45,"tokens":9}]}