{"id1":"gr2","id2":"gr1","similarity":0.09003215434083602,"matches":[{"file1":"gr2/src/main/java/de/tum/i13/client/Client.java","file2":"gr1/src/main/java/de/tum/i13/communication/TelnetSocket.java","start1":3,"end1":30,"start2":6,"end2":34,"tokens":12},{"file1":"gr2/src/main/java/de/tum/i13/client/Communication/CommunicationInterface.java","file2":"gr1/src/main/java/de/tum/i13/communication/TelnetClient.java","start1":4,"end1":10,"start2":15,"end2":65,"tokens":12},{"file1":"gr2/src/main/java/de/tum/i13/client/Logging/LogImpl.java","file2":"gr1/src/main/java/de/tum/i13/client/TestClient.java","start1":3,"end1":16,"start2":15,"end2":28,"tokens":9},{"file1":"gr2/src/main/java/de/tum/i13/client/Communication/ComImpl.java","file2":"gr1/src/main/java/de/tum/i13/shared/Constants.java","start1":1,"end1":14,"start2":1,"end2":19,"tokens":9}]}