{"id1":"gr3","id2":"gr11","similarity":0.09116809116809117,"matches":[{"file1":"gr3/src/main/java/de/tum/i13/cli/Cli.java","file2":"gr11/src/main/java/de/tum/i13/client/ShellInterpreter.java","start1":1,"end1":21,"start2":1,"end2":22,"tokens":15},{"file1":"gr3/src/main/java/de/tum/i13/cli/client/CliClient.java","file2":"gr11/src/main/java/de/tum/i13/client/CommandFactory.java","start1":3,"end1":20,"start2":4,"end2":28,"tokens":11},{"file1":"gr3/src/test/java/de/tum/i13/cli/CliClientTest.java","file2":"gr11/src/test/java/de/tum/i13/client/TestCommandFactory.java","start1":35,"end1":45,"start2":70,"end2":82,"tokens":11},{"file1":"gr3/src/main/java/de/tum/i13/client/Client.java","file2":"gr11/src/main/java/de/tum/i13/client/commands/LogLevelCommand.java","start1":3,"end1":18,"start2":5,"end2":22,"tokens":9},{"file1":"gr3/src/main/java/de/tum/i13/cli/client/ConnectionParameters.java","file2":"gr11/src/main/java/de/tum/i13/client/commands/ConnectToSocketCommand.java","start1":25,"end1":29,"start2":53,"end2":60,"tokens":9},{"file1":"gr3/src/test/java/de/tum/i13/client/ClientTest.java","file2":"gr11/src/test/java/de/tum/i13/client/TestCommandFactory.java","start1":65,"end1":72,"start2":60,"end2":67,"tokens":9}]}