{"id1":"gr3","id2":"gr10","similarity":0.12437810945273632,"matches":[{"file1":"gr3/src/main/java/de/tum/i13/client/Client.java","file2":"gr10/src/main/java/de/tum/i13/client/communication/Communicator.java","start1":22,"end1":34,"start2":28,"end2":42,"tokens":12},{"file1":"gr3/src/main/java/de/tum/i13/cli/Cli.java","file2":"gr10/src/main/java/de/tum/i13/client/TestClient.java","start1":1,"end1":19,"start2":1,"end2":17,"tokens":12},{"file1":"gr3/src/main/java/de/tum/i13/client/Client.java","file2":"gr10/src/main/java/de/tum/i13/client/communication/Communicator.java","start1":37,"end1":49,"start2":43,"end2":55,"tokens":11},{"file1":"gr3/src/main/java/de/tum/i13/client/Client.java","file2":"gr10/src/main/java/de/tum/i13/client/communication/out/TCPSender.java","start1":3,"end1":19,"start2":5,"end2":15,"tokens":10},{"file1":"gr3/src/main/java/de/tum/i13/client/Client.java","file2":"gr10/src/main/java/de/tum/i13/client/communication/out/TCPSender.java","start1":67,"end1":83,"start2":64,"end2":75,"tokens":10},{"file1":"gr3/src/main/java/de/tum/i13/client/Client.java","file2":"gr10/src/main/java/de/tum/i13/client/ui/cli/Parser.java","start1":113,"end1":119,"start2":108,"end2":113,"tokens":9},{"file1":"gr3/src/main/java/de/tum/i13/client/Client.java","file2":"gr10/src/main/java/de/tum/i13/client/communication/out/TCPSender.java","start1":120,"end1":132,"start2":32,"end2":38,"tokens":9},{"file1":"gr3/src/test/java/de/tum/i13/cli/CliClientTest.java","file2":"gr10/src/test/java/de/tum/i13/client/ui/cli/TestParser.java","start1":72,"end1":78,"start2":161,"end2":166,"tokens":9},{"file1":"gr3/src/test/java/de/tum/i13/client/ClientTest.java","file2":"gr10/src/main/java/de/tum/i13/logic/HelpCommand.java","start1":68,"end1":75,"start2":8,"end2":17,"tokens":9},{"file1":"gr3/src/main/java/de/tum/i13/cli/CliInput.java","file2":"gr10/src/main/java/de/tum/i13/client/ui/cli/Parser.java","start1":12,"end1":16,"start2":50,"end2":55,"tokens":9}]}