{"id1":"gr4","id2":"gr11","similarity":0.076980014803849,"matches":[{"file1":"gr4/src/main/java/de/tum/i13/client/DatabaseConnector.java","file2":"gr11/src/main/java/de/tum/i13/client/ShellInterpreter.java","start1":3,"end1":39,"start2":4,"end2":28,"tokens":17},{"file1":"gr4/src/main/java/de/tum/i13/command/Commands.java","file2":"gr11/src/main/java/de/tum/i13/client/connection/SocketConnection.java","start1":1,"end1":24,"start2":1,"end2":21,"tokens":14},{"file1":"gr4/src/main/java/de/tum/i13/client/Shell.java","file2":"gr11/src/main/java/de/tum/i13/client/TestClient.java","start1":1,"end1":20,"start2":1,"end2":21,"tokens":12},{"file1":"gr4/src/main/java/de/tum/i13/client/Parser.java","file2":"gr11/src/main/java/de/tum/i13/client/connection/ConnectionManager.java","start1":1,"end1":17,"start2":1,"end2":17,"tokens":9}]}