{"id1":"gr4","id2":"gr3","similarity":0.10265811182401467,"matches":[{"file1":"gr4/src/main/java/de/tum/i13/command/Commands.java","file2":"gr3/src/main/java/de/tum/i13/cli/commands/CliHelpCommand.java","start1":156,"end1":174,"start2":11,"end2":40,"tokens":19},{"file1":"gr4/src/main/java/de/tum/i13/client/Parser.java","file2":"gr3/src/main/java/de/tum/i13/cli/Cli.java","start1":29,"end1":42,"start2":71,"end2":84,"tokens":14},{"file1":"gr4/src/main/java/de/tum/i13/client/DatabaseConnector.java","file2":"gr3/src/main/java/de/tum/i13/cli/Cli.java","start1":3,"end1":26,"start2":4,"end2":21,"tokens":13},{"file1":"gr4/src/main/java/de/tum/i13/command/Commands.java","file2":"gr3/src/test/java/de/tum/i13/client/ClientTest.java","start1":266,"end1":276,"start2":69,"end2":78,"tokens":10}]}