{"id1":"gr4","id2":"gr13","similarity":0.06839186691312385,"matches":[{"file1":"gr4/src/main/java/de/tum/i13/client/DatabaseConnector.java","file2":"gr13/src/main/java/de/tum/i13/client/ClientCLI.java","start1":3,"end1":24,"start2":13,"end2":25,"tokens":10},{"file1":"gr4/src/main/java/de/tum/i13/client/DatabaseConnector.java","file2":"gr13/src/main/java/de/tum/i13/client/ClientLib.java","start1":144,"end1":147,"start2":106,"end2":108,"tokens":9},{"file1":"gr4/src/main/java/de/tum/i13/command/Commands.java","file2":"gr13/src/main/java/de/tum/i13/client/ClientCLI.java","start1":1,"end1":12,"start2":1,"end2":11,"tokens":9},{"file1":"gr4/src/main/java/de/tum/i13/command/Commands.java","file2":"gr13/src/main/java/de/tum/i13/client/ClientCLI.java","start1":249,"end1":257,"start2":110,"end2":143,"tokens":9}]}