{"id1":"gr5","id2":"gr1","similarity":0.07159353348729793,"matches":[{"file1":"gr5/src/main/java/de/tum/i13/client/Client.java","file2":"gr1/src/main/java/de/tum/i13/client/TestClient.java","start1":3,"end1":23,"start2":8,"end2":27,"tokens":12},{"file1":"gr5/src/main/java/de/tum/i13/client/ConnectionHandler.java","file2":"gr1/src/main/java/de/tum/i13/communication/TelnetSocket.java","start1":3,"end1":20,"start2":6,"end2":31,"tokens":10},{"file1":"gr5/src/main/java/de/tum/i13/client/Client.java","file2":"gr1/src/main/java/de/tum/i13/client/TestClient.java","start1":85,"end1":91,"start2":40,"end2":49,"tokens":9}]}