{"id1":"gr5","id2":"gr13","similarity":0.08150470219435736,"matches":[{"file1":"gr5/src/main/java/de/tum/i13/client/Client.java","file2":"gr13/src/main/java/de/tum/i13/command/Command.java","start1":38,"end1":52,"start2":50,"end2":79,"tokens":14},{"file1":"gr5/src/main/java/de/tum/i13/client/Client.java","file2":"gr13/src/main/java/de/tum/i13/client/ClientCLI.java","start1":3,"end1":24,"start2":11,"end2":27,"tokens":13},{"file1":"gr5/src/main/java/de/tum/i13/client/ConnectionHandler.java","file2":"gr13/src/main/java/de/tum/i13/client/ClientLib.java","start1":3,"end1":30,"start2":4,"end2":23,"tokens":12}]}