{"id1":"gr5","id2":"gr2","similarity":0.07485380116959064,"matches":[{"file1":"gr5/src/main/java/de/tum/i13/client/ConnectionHandler.java","file2":"gr2/src/main/java/de/tum/i13/client/Communication/ComImpl.java","start1":1,"end1":30,"start2":1,"end2":18,"tokens":13},{"file1":"gr5/src/main/java/de/tum/i13/client/ApplicationHandler.java","file2":"gr2/src/main/java/de/tum/i13/client/Logging/LogImpl.java","start1":99,"end1":105,"start2":53,"end2":58,"tokens":10},{"file1":"gr5/src/main/java/de/tum/i13/client/Client.java","file2":"gr2/src/main/java/de/tum/i13/client/Client.java","start1":8,"end1":25,"start2":3,"end2":25,"tokens":9}]}