{"id1":"gr5","id2":"gr10","similarity":0.1034965034965035,"matches":[{"file1":"gr5/src/main/java/de/tum/i13/client/Client.java","file2":"gr10/src/main/java/de/tum/i13/client/TestClient.java","start1":4,"end1":24,"start2":3,"end2":19,"tokens":12},{"file1":"gr5/src/main/java/de/tum/i13/client/ConnectionHandler.java","file2":"gr10/src/main/java/de/tum/i13/client/ui/cli/CLIInput.java","start1":3,"end1":30,"start2":5,"end2":21,"tokens":12},{"file1":"gr5/src/main/java/de/tum/i13/client/Client.java","file2":"gr10/src/test/java/de/tum/i13/client/ui/cli/TestParser.java","start1":130,"end1":137,"start2":47,"end2":55,"tokens":11},{"file1":"gr5/src/main/java/de/tum/i13/client/Client.java","file2":"gr10/src/test/java/de/tum/i13/client/ui/cli/TestParser.java","start1":200,"end1":207,"start2":88,"end2":96,"tokens":11},{"file1":"gr5/src/main/java/de/tum/i13/client/Client.java","file2":"gr10/src/test/java/de/tum/i13/client/ui/cli/TestParser.java","start1":85,"end1":91,"start2":111,"end2":117,"tokens":10},{"file1":"gr5/src/main/java/de/tum/i13/client/Client.java","file2":"gr10/src/test/java/de/tum/i13/client/ui/cli/TestParser.java","start1":218,"end1":224,"start2":137,"end2":142,"tokens":9},{"file1":"gr5/src/main/java/de/tum/i13/client/ConnectionHandler.java","file2":"gr10/src/main/java/de/tum/i13/client/communication/out/TCPSender.java","start1":68,"end1":78,"start2":39,"end2":52,"tokens":9}]}