{"id1":"gr5","id2":"gr11","similarity":0.0636215334420881,"matches":[{"file1":"gr5/src/main/java/de/tum/i13/client/Command.java","file2":"gr11/src/main/java/de/tum/i13/client/commands/LogLevelCommand.java","start1":10,"end1":18,"start2":38,"end2":41,"tokens":16},{"file1":"gr5/src/main/java/de/tum/i13/client/ConnectionHandler.java","file2":"gr11/src/main/java/de/tum/i13/client/commands/LogLevelCommand.java","start1":3,"end1":30,"start2":4,"end2":24,"tokens":12},{"file1":"gr5/src/main/java/de/tum/i13/client/Client.java","file2":"gr11/src/main/java/de/tum/i13/client/ShellInterpreter.java","start1":4,"end1":23,"start2":3,"end2":21,"tokens":11}]}