{"id1":"gr6","id2":"gr11","similarity":0.061420345489443376,"matches":[{"file1":"gr6/client von Weiwei/ClientUI.java","file2":"gr11/src/main/java/de/tum/i13/client/ShellInterpreter.java","start1":4,"end1":15,"start2":3,"end2":21,"tokens":11},{"file1":"gr6/client von Weiwei/ClientUI.java","file2":"gr11/src/main/java/de/tum/i13/client/commands/LogLevelCommand.java","start1":17,"end1":23,"start2":40,"end2":40,"tokens":11},{"file1":"gr6/src/main/java/de/tum/i13/client/TestClient.java","file2":"gr11/src/main/java/de/tum/i13/client/TestClient.java","start1":3,"end1":15,"start2":8,"end2":25,"tokens":10}]}