{"id1":"gr6","id2":"gr17","similarity":0.08108108108108109,"matches":[{"file1":"gr6/client von Weiwei/ClientUI.java","file2":"gr17/src/main/java/de/tum/i13/client/Application.java","start1":8,"end1":17,"start2":3,"end2":35,"tokens":9},{"file1":"gr6/client von Weiwei/ClientUI.java","file2":"gr17/src/main/java/de/tum/i13/client/Application.java","start1":67,"end1":76,"start2":251,"end2":265,"tokens":9},{"file1":"gr6/client von Weiwei/ClientUI.java","file2":"gr17/src/main/java/de/tum/i13/client/ConnectionManager.java","start1":86,"end1":90,"start2":88,"end2":95,"tokens":9}]}