{"id1":"gr6","id2":"gr8","similarity":0.1070811744386874,"matches":[{"file1":"gr6/client von Weiwei/ClientUI.java","file2":"gr8/src/main/java/de/tum/i13/client/CommunicationInterface.java","start1":114,"end1":120,"start2":110,"end2":116,"tokens":12},{"file1":"gr6/client von Weiwei/ClientUI.java","file2":"gr8/src/main/java/de/tum/i13/client/CommunicationInterface.java","start1":4,"end1":14,"start2":3,"end2":13,"tokens":10},{"file1":"gr6/client von Weiwei/ClientUI.java","file2":"gr8/src/main/java/de/tum/i13/client/CommunicationInterface.java","start1":65,"end1":76,"start2":59,"end2":65,"tokens":9}]}