{"id1":"gr7","id2":"gr13","similarity":0.0718294051627385,"matches":[{"file1":"gr7/src/de/tum/i13/client/Communication.java","file2":"gr13/src/main/java/de/tum/i13/client/ClientCLI.java","start1":2,"end1":15,"start2":12,"end2":27,"tokens":12},{"file1":"gr7/src/de/tum/i13/client/Communication.java","file2":"gr13/src/main/java/de/tum/i13/command/Command.java","start1":61,"end1":75,"start2":59,"end2":86,"tokens":11},{"file1":"gr7/src/de/tum/i13/client/Client.java","file2":"gr13/src/main/java/de/tum/i13/client/ClientCLI.java","start1":1,"end1":9,"start2":1,"end2":11,"tokens":9}]}