{"id1":"gr7","id2":"gr10","similarity":0.10557184750733138,"matches":[{"file1":"gr7/src/de/tum/i13/client/Communication.java","file2":"gr10/src/main/java/de/tum/i13/client/TestClient.java","start1":1,"end1":15,"start2":1,"end2":19,"tokens":13},{"file1":"gr7/src/de/tum/i13/client/CommInterface.java","file2":"gr10/src/main/java/de/tum/i13/client/Visitor.java","start1":14,"end1":21,"start2":10,"end2":17,"tokens":11},{"file1":"gr7/src/de/tum/i13/client/Communication.java","file2":"gr10/src/main/java/de/tum/i13/logic/ConnectCommand.java","start1":39,"end1":51,"start2":15,"end2":26,"tokens":10},{"file1":"gr7/src/de/tum/i13/client/Client.java","file2":"gr10/src/main/java/de/tum/i13/client/communication/Communicator.java","start1":21,"end1":26,"start2":43,"end2":54,"tokens":10},{"file1":"gr7/src/de/tum/i13/client/Client.java","file2":"gr10/src/main/java/de/tum/i13/client/TestClient.java","start1":28,"end1":36,"start2":81,"end2":101,"tokens":10},{"file1":"gr7/src/de/tum/i13/client/Communication.java","file2":"gr10/src/main/java/de/tum/i13/logic/HelpCommand.java","start1":135,"end1":140,"start2":10,"end2":20,"tokens":9},{"file1":"gr7/src/de/tum/i13/client/Client.java","file2":"gr10/src/test/java/de/tum/i13/client/ui/cli/TestParser.java","start1":4,"end1":14,"start2":3,"end2":15,"tokens":9}]}