{"id1":"gr7","id2":"gr3","similarity":0.07333333333333333,"matches":[{"file1":"gr7/src/de/tum/i13/client/Communication.java","file2":"gr3/src/main/java/de/tum/i13/cli/Cli.java","start1":1,"end1":14,"start2":1,"end2":19,"tokens":12},{"file1":"gr7/src/de/tum/i13/client/Client.java","file2":"gr3/src/main/java/de/tum/i13/client/Client.java","start1":21,"end1":27,"start2":93,"end2":104,"tokens":11},{"file1":"gr7/src/de/tum/i13/client/Communication.java","file2":"gr3/src/test/java/de/tum/i13/client/ClientTest.java","start1":118,"end1":132,"start2":47,"end2":58,"tokens":10}]}