{"id1":"gr7","id2":"gr17","similarity":0.09183673469387756,"matches":[{"file1":"gr7/src/de/tum/i13/client/Communication.java","file2":"gr17/src/main/java/de/tum/i13/client/Application.java","start1":6,"end1":16,"start2":3,"end2":35,"tokens":9},{"file1":"gr7/src/de/tum/i13/client/Communication.java","file2":"gr17/src/main/java/de/tum/i13/client/Application.java","start1":135,"end1":139,"start2":346,"end2":354,"tokens":9},{"file1":"gr7/src/de/tum/i13/client/CommInterface.java","file2":"gr17/src/main/java/de/tum/i13/client/Connection.java","start1":10,"end1":16,"start2":41,"end2":73,"tokens":9},{"file1":"gr7/src/de/tum/i13/client/Client.java","file2":"gr17/src/main/java/de/tum/i13/client/TestClient.java","start1":136,"end1":144,"start2":45,"end2":52,"tokens":9}]}