{"id1":"gr7","id2":"gr2","similarity":0.09885931558935361,"matches":[{"file1":"gr7/src/de/tum/i13/client/Communication.java","file2":"gr2/src/main/java/de/tum/i13/client/Client.java","start1":6,"end1":17,"start2":3,"end2":26,"tokens":10},{"file1":"gr7/src/de/tum/i13/client/TestClient.java","file2":"gr2/src/main/java/de/tum/i13/client/TestClient.java","start1":3,"end1":15,"start2":6,"end2":18,"tokens":10},{"file1":"gr7/src/de/tum/i13/client/Client.java","file2":"gr2/src/main/java/de/tum/i13/client/Client.java","start1":104,"end1":118,"start2":100,"end2":107,"tokens":10},{"file1":"gr7/src/de/tum/i13/client/CommInterface.java","file2":"gr2/src/main/java/de/tum/i13/client/Logging/LoggingInterface.java","start1":16,"end1":18,"start2":13,"end2":21,"tokens":9}]}