{"id1":"gr7","id2":"gr4","similarity":0.06847697756788666,"matches":[{"file1":"gr7/src/de/tum/i13/client/Communication.java","file2":"gr4/src/main/java/de/tum/i13/client/DatabaseConnector.java","start1":3,"end1":14,"start2":3,"end2":24,"tokens":10},{"file1":"gr7/src/de/tum/i13/client/Client.java","file2":"gr4/src/main/java/de/tum/i13/command/Commands.java","start1":3,"end1":14,"start2":3,"end2":23,"tokens":10},{"file1":"gr7/src/de/tum/i13/client/Communication.java","file2":"gr4/src/main/java/de/tum/i13/command/Commands.java","start1":135,"end1":139,"start2":132,"end2":141,"tokens":9}]}