{"id1":"gr7","id2":"gr1","similarity":0.1375,"matches":[{"file1":"gr7/src/de/tum/i13/client/Communication.java","file2":"gr1/src/main/java/de/tum/i13/communication/TelnetSocket.java","start1":3,"end1":17,"start2":3,"end2":31,"tokens":13},{"file1":"gr7/src/de/tum/i13/client/Communication.java","file2":"gr1/src/main/java/de/tum/i13/client/TestClient.java","start1":78,"end1":90,"start2":117,"end2":123,"tokens":11},{"file1":"gr7/src/de/tum/i13/client/Client.java","file2":"gr1/src/main/java/de/tum/i13/client/TestClient.java","start1":2,"end1":14,"start2":10,"end2":27,"tokens":11},{"file1":"gr7/src/de/tum/i13/client/Communication.java","file2":"gr1/src/main/java/de/tum/i13/shared/Constants.java","start1":135,"end1":140,"start2":28,"end2":35,"tokens":10},{"file1":"gr7/src/de/tum/i13/client/Client.java","file2":"gr1/src/main/java/de/tum/i13/shared/Constants.java","start1":34,"end1":44,"start2":36,"end2":46,"tokens":10}]}