{"id1":"gr7","id2":"gr11","similarity":0.05517241379310345,"matches":[{"file1":"gr7/src/de/tum/i13/client/Communication.java","file2":"gr11/src/main/java/de/tum/i13/client/ShellInterpreter.java","start1":1,"end1":14,"start2":1,"end2":21,"tokens":12},{"file1":"gr7/src/de/tum/i13/client/TestClient.java","file2":"gr11/src/main/java/de/tum/i13/client/TestClient.java","start1":3,"end1":15,"start2":8,"end2":25,"tokens":10},{"file1":"gr7/src/de/tum/i13/client/Client.java","file2":"gr11/src/main/java/de/tum/i13/client/connection/SocketConnection.java","start1":3,"end1":14,"start2":3,"end2":20,"tokens":10}]}