{"id1":"gr8","id2":"gr4","similarity":0.13513513513513514,"matches":[{"file1":"gr8/src/main/java/de/tum/i13/client/CommunicationInterface.java","file2":"gr4/src/main/java/de/tum/i13/command/Commands.java","start1":121,"end1":132,"start2":156,"end2":183,"tokens":28},{"file1":"gr8/src/main/java/de/tum/i13/client/InputHandler.java","file2":"gr4/src/main/java/de/tum/i13/client/Parser.java","start1":30,"end1":41,"start2":31,"end2":42,"tokens":12},{"file1":"gr8/src/main/java/de/tum/i13/client/TestClientAdapter.java","file2":"gr4/src/main/java/de/tum/i13/client/Parser.java","start1":26,"end1":32,"start2":91,"end2":103,"tokens":11},{"file1":"gr8/src/main/java/de/tum/i13/client/CommunicationInterface.java","file2":"gr4/src/main/java/de/tum/i13/client/DatabaseConnector.java","start1":1,"end1":10,"start2":1,"end2":10,"tokens":9}]}