{"id1":"gr8","id2":"gr17","similarity":0.0993939393939394,"matches":[{"file1":"gr8/src/main/java/de/tum/i13/client/CommunicationInterface.java","file2":"gr17/src/main/java/de/tum/i13/client/Application.java","start1":121,"end1":128,"start2":97,"end2":117,"tokens":21},{"file1":"gr8/src/main/java/de/tum/i13/client/CommunicationInterface.java","file2":"gr17/src/main/java/de/tum/i13/client/Application.java","start1":97,"end1":105,"start2":191,"end2":201,"tokens":11},{"file1":"gr8/src/main/java/de/tum/i13/client/CommunicationInterface.java","file2":"gr17/src/main/java/de/tum/i13/client/Application.java","start1":111,"end1":116,"start2":251,"end2":265,"tokens":9}]}