{"id1":"gr8","id2":"gr15","similarity":0.0712401055408971,"matches":[{"file1":"gr8/src/main/java/de/tum/i13/client/TestClientAdapter.java","file2":"gr15/src/main/java/de/tum/i13/util/CommandHandler.java","start1":22,"end1":29,"start2":112,"end2":134,"tokens":9},{"file1":"gr8/src/main/java/de/tum/i13/client/TestClient.java","file2":"gr15/src/main/java/de/tum/i13/client/Client.java","start1":6,"end1":15,"start2":3,"end2":16,"tokens":9},{"file1":"gr8/src/main/java/de/tum/i13/client/CommunicationInterface.java","file2":"gr15/src/test/java/de/tum/i13/TestSomething.java","start1":5,"end1":15,"start2":3,"end2":15,"tokens":9}]}