{"id1":"gr8","id2":"gr3","similarity":0.13602550478214664,"matches":[{"file1":"gr8/src/main/java/de/tum/i13/client/CommunicationInterface.java","file2":"gr3/src/main/java/de/tum/i13/cli/commands/CliHelpCommand.java","start1":120,"end1":127,"start2":10,"end2":40,"tokens":21},{"file1":"gr8/src/test/java/de/tum/i13/TestCommunicationInterface.java","file2":"gr3/src/test/java/de/tum/i13/cli/CliClientTest.java","start1":21,"end1":39,"start2":50,"end2":72,"tokens":20},{"file1":"gr8/src/main/java/de/tum/i13/client/InputHandler.java","file2":"gr3/src/main/java/de/tum/i13/cli/Cli.java","start1":30,"end1":41,"start2":73,"end2":84,"tokens":12},{"file1":"gr8/src/main/java/de/tum/i13/client/CommunicationInterface.java","file2":"gr3/src/main/java/de/tum/i13/cli/Cli.java","start1":1,"end1":13,"start2":1,"end2":17,"tokens":11}]}