{"jplag_version":{"major":4,"minor":3,"patch":0},"submission_folder_path":["./semesters/cdb_20_21/subgroups/milestone1"],"base_code_folder_path":"basecode","language":"Javac based AST plugin","file_extensions":[".java",".JAVA"],"submission_id_to_display_name":{"gr16":"gr16","gr17":"gr17","gr18":"gr18","gr19":"gr19","gr2":"gr2","gr1":"gr1","gr4":"gr4","gr3":"gr3","gr6":"gr6","gr5":"gr5","gr8":"gr8","gr7":"gr7","gr9":"gr9","gr10":"gr10","gr11":"gr11","gr12":"gr12","gr13":"gr13","gr14":"gr14","gr15":"gr15"},"submission_ids_to_comparison_file_name":{"gr16":{"gr1":"gr16-gr1.json","gr12":"gr16-gr12.json","gr7":"gr16-gr7.json","gr14":"gr16-gr14.json","gr15":"gr16-gr15.json"},"gr17":{"gr2":"gr2-gr17.json","gr1":"gr17-gr1.json","gr4":"gr17-gr4.json","gr3":"gr17-gr3.json","gr6":"gr6-gr17.json","gr5":"gr5-gr17.json","gr8":"gr8-gr17.json","gr7":"gr7-gr17.json","gr11":"gr17-gr11.json","gr12":"gr12-gr17.json","gr14":"gr14-gr17.json","gr15":"gr15-gr17.json"},"gr18":{"gr19":"gr19-gr18.json","gr6":"gr18-gr6.json","gr7":"gr18-gr7.json","gr9":"gr18-gr9.json"},"gr19":{"gr18":"gr19-gr18.json","gr2":"gr19-gr2.json","gr6":"gr19-gr6.json","gr7":"gr19-gr7.json","gr9":"gr19-gr9.json"},"gr2":{"gr17":"gr2-gr17.json","gr19":"gr19-gr2.json","gr1":"gr2-gr1.json","gr4":"gr2-gr4.json","gr6":"gr6-gr2.json","gr5":"gr5-gr2.json","gr7":"gr7-gr2.json","gr10":"gr2-gr10.json","gr11":"gr2-gr11.json","gr12":"gr12-gr2.json","gr13":"gr2-gr13.json","gr14":"gr14-gr2.json","gr15":"gr15-gr2.json"},"gr1":{"gr16":"gr16-gr1.json","gr17":"gr17-gr1.json","gr2":"gr2-gr1.json","gr4":"gr1-gr4.json","gr3":"gr1-gr3.json","gr5":"gr5-gr1.json","gr8":"gr8-gr1.json","gr7":"gr7-gr1.json","gr10":"gr1-gr10.json","gr11":"gr1-gr11.json","gr12":"gr12-gr1.json","gr13":"gr1-gr13.json","gr14":"gr14-gr1.json","gr15":"gr15-gr1.json"},"gr4":{"gr17":"gr17-gr4.json","gr2":"gr2-gr4.json","gr1":"gr1-gr4.json","gr3":"gr4-gr3.json","gr6":"gr6-gr4.json","gr5":"gr5-gr4.json","gr8":"gr8-gr4.json","gr7":"gr7-gr4.json","gr11":"gr4-gr11.json","gr12":"gr12-gr4.json","gr13":"gr4-gr13.json","gr14":"gr14-gr4.json","gr15":"gr15-gr4.json"},"gr3":{"gr17":"gr17-gr3.json","gr1":"gr1-gr3.json","gr4":"gr4-gr3.json","gr10":"gr3-gr10.json","gr11":"gr3-gr11.json","gr12":"gr12-gr3.json","gr8":"gr8-gr3.json","gr7":"gr7-gr3.json","gr14":"gr14-gr3.json","gr15":"gr15-gr3.json"},"gr6":{"gr17":"gr6-gr17.json","gr18":"gr18-gr6.json","gr19":"gr19-gr6.json","gr2":"gr6-gr2.json","gr4":"gr6-gr4.json","gr5":"gr6-gr5.json","gr8":"gr6-gr8.json","gr7":"gr6-gr7.json","gr9":"gr6-gr9.json","gr11":"gr6-gr11.json","gr14":"gr6-gr14.json","gr15":"gr6-gr15.json"},"gr5":{"gr17":"gr5-gr17.json","gr2":"gr5-gr2.json","gr1":"gr5-gr1.json","gr4":"gr5-gr4.json","gr10":"gr5-gr10.json","gr6":"gr6-gr5.json","gr11":"gr5-gr11.json","gr12":"gr12-gr5.json","gr7":"gr7-gr5.json","gr13":"gr5-gr13.json","gr14":"gr14-gr5.json"},"gr8":{"gr17":"gr8-gr17.json","gr1":"gr8-gr1.json","gr4":"gr8-gr4.json","gr3":"gr8-gr3.json","gr6":"gr6-gr8.json","gr13":"gr8-gr13.json","gr14":"gr14-gr8.json","gr9":"gr9-gr8.json","gr15":"gr8-gr15.json"},"gr7":{"gr16":"gr16-gr7.json","gr17":"gr7-gr17.json","gr18":"gr18-gr7.json","gr19":"gr19-gr7.json","gr2":"gr7-gr2.json","gr1":"gr7-gr1.json","gr4":"gr7-gr4.json","gr3":"gr7-gr3.json","gr6":"gr6-gr7.json","gr5":"gr7-gr5.json","gr9":"gr9-gr7.json","gr10":"gr7-gr10.json","gr11":"gr7-gr11.json","gr12":"gr12-gr7.json","gr13":"gr7-gr13.json","gr14":"gr14-gr7.json"},"gr9":{"gr18":"gr18-gr9.json","gr19":"gr19-gr9.json","gr6":"gr6-gr9.json","gr8":"gr9-gr8.json","gr7":"gr9-gr7.json","gr15":"gr9-gr15.json"},"gr10":{"gr2":"gr2-gr10.json","gr1":"gr1-gr10.json","gr3":"gr3-gr10.json","gr11":"gr11-gr10.json","gr5":"gr5-gr10.json","gr7":"gr7-gr10.json","gr13":"gr13-gr10.json","gr14":"gr14-gr10.json"},"gr11":{"gr17":"gr17-gr11.json","gr2":"gr2-gr11.json","gr1":"gr1-gr11.json","gr4":"gr4-gr11.json","gr3":"gr3-gr11.json","gr6":"gr6-gr11.json","gr5":"gr5-gr11.json","gr7":"gr7-gr11.json","gr10":"gr11-gr10.json","gr12":"gr12-gr11.json","gr13":"gr13-gr11.json","gr14":"gr14-gr11.json"},"gr12":{"gr16":"gr16-gr12.json","gr17":"gr12-gr17.json","gr2":"gr12-gr2.json","gr1":"gr12-gr1.json","gr4":"gr12-gr4.json","gr3":"gr12-gr3.json","gr5":"gr12-gr5.json","gr7":"gr12-gr7.json","gr11":"gr12-gr11.json","gr13":"gr12-gr13.json","gr14":"gr14-gr12.json","gr15":"gr12-gr15.json"},"gr13":{"gr2":"gr2-gr13.json","gr1":"gr1-gr13.json","gr4":"gr4-gr13.json","gr10":"gr13-gr10.json","gr11":"gr13-gr11.json","gr5":"gr5-gr13.json","gr8":"gr8-gr13.json","gr12":"gr12-gr13.json","gr7":"gr7-gr13.json","gr14":"gr14-gr13.json","gr15":"gr15-gr13.json"},"gr14":{"gr16":"gr16-gr14.json","gr17":"gr14-gr17.json","gr2":"gr14-gr2.json","gr1":"gr14-gr1.json","gr4":"gr14-gr4.json","gr3":"gr14-gr3.json","gr6":"gr6-gr14.json","gr5":"gr14-gr5.json","gr8":"gr14-gr8.json","gr7":"gr14-gr7.json","gr10":"gr14-gr10.json","gr11":"gr14-gr11.json","gr12":"gr14-gr12.json","gr13":"gr14-gr13.json","gr15":"gr14-gr15.json"},"gr15":{"gr16":"gr16-gr15.json","gr17":"gr15-gr17.json","gr2":"gr15-gr2.json","gr1":"gr15-gr1.json","gr4":"gr15-gr4.json","gr3":"gr15-gr3.json","gr6":"gr6-gr15.json","gr8":"gr8-gr15.json","gr9":"gr9-gr15.json","gr12":"gr12-gr15.json","gr13":"gr15-gr13.json","gr14":"gr14-gr15.json"}},"failed_submission_names":[],"excluded_files":[],"match_sensitivity":9,"date_of_execution":"06/02/24","execution_time":81,"metrics":[{"name":"AVG","distribution":[0,0,1,0,2,0,0,0,19,149],"topComparisons":[{"first_submission":"gr19","second_submission":"gr18","similarity":0.7368421052631579},{"first_submission":"gr19","second_submission":"gr9","similarity":0.5833333333333334},{"first_submission":"gr18","second_submission":"gr9","similarity":0.5833333333333334},{"first_submission":"gr7","second_submission":"gr1","similarity":0.1375},{"first_submission":"gr8","second_submission":"gr3","similarity":0.13602550478214664},{"first_submission":"gr8","second_submission":"gr4","similarity":0.13513513513513514},{"first_submission":"gr14","second_submission":"gr1","similarity":0.13513513513513514},{"first_submission":"gr14","second_submission":"gr17","similarity":0.1298342541436464},{"first_submission":"gr3","second_submission":"gr10","similarity":0.12437810945273632},{"first_submission":"gr19","second_submission":"gr6","similarity":0.1222707423580786},{"first_submission":"gr18","second_submission":"gr6","similarity":0.1222707423580786},{"first_submission":"gr11","second_submission":"gr10","similarity":0.12205567451820129},{"first_submission":"gr6","second_submission":"gr9","similarity":0.11715481171548117},{"first_submission":"gr17","second_submission":"gr1","similarity":0.11637931034482758},{"first_submission":"gr17","second_submission":"gr4","similarity":0.11487179487179487},{"first_submission":"gr6","second_submission":"gr8","similarity":0.1070811744386874},{"first_submission":"gr12","second_submission":"gr2","similarity":0.10579345088161209},{"first_submission":"gr7","second_submission":"gr10","similarity":0.10557184750733138},{"first_submission":"gr5","second_submission":"gr10","similarity":0.1034965034965035},{"first_submission":"gr14","second_submission":"gr5","similarity":0.1027190332326284},{"first_submission":"gr4","second_submission":"gr3","similarity":0.10265811182401467},{"first_submission":"gr6","second_submission":"gr7","similarity":0.10037174721189591},{"first_submission":"gr8","second_submission":"gr17","similarity":0.0993939393939394},{"first_submission":"gr7","second_submission":"gr2","similarity":0.09885931558935361},{"first_submission":"gr12","second_submission":"gr4","similarity":0.09859154929577464},{"first_submission":"gr14","second_submission":"gr13","similarity":0.09626955475330927},{"first_submission":"gr16","second_submission":"gr7","similarity":0.09558823529411764},{"first_submission":"gr17","second_submission":"gr3","similarity":0.09533073929961089},{"first_submission":"gr2","second_submission":"gr13","similarity":0.09375},{"first_submission":"gr7","second_submission":"gr17","similarity":0.09183673469387756},{"first_submission":"gr14","second_submission":"gr4","similarity":0.09148665819567979},{"first_submission":"gr14","second_submission":"gr15","similarity":0.091324200913242},{"first_submission":"gr3","second_submission":"gr11","similarity":0.09116809116809117},{"first_submission":"gr14","second_submission":"gr2","similarity":0.09053497942386832},{"first_submission":"gr2","second_submission":"gr1","similarity":0.09003215434083602},{"first_submission":"gr15","second_submission":"gr17","similarity":0.08994082840236686},{"first_submission":"gr15","second_submission":"gr3","similarity":0.08949011446409989},{"first_submission":"gr1","second_submission":"gr4","similarity":0.08678102926337034},{"first_submission":"gr15","second_submission":"gr4","similarity":0.08590308370044053},{"first_submission":"gr12","second_submission":"gr1","similarity":0.084472049689441},{"first_submission":"gr13","second_submission":"gr11","similarity":0.08172043010752689},{"first_submission":"gr5","second_submission":"gr13","similarity":0.08150470219435736},{"first_submission":"gr16","second_submission":"gr1","similarity":0.08139534883720931},{"first_submission":"gr6","second_submission":"gr17","similarity":0.08108108108108109},{"first_submission":"gr19","second_submission":"gr7","similarity":0.08069164265129683},{"first_submission":"gr18","second_submission":"gr7","similarity":0.08069164265129683},{"first_submission":"gr1","second_submission":"gr11","similarity":0.07975460122699386},{"first_submission":"gr6","second_submission":"gr5","similarity":0.07947019867549669},{"first_submission":"gr9","second_submission":"gr7","similarity":0.0784313725490196},{"first_submission":"gr4","second_submission":"gr11","similarity":0.076980014803849},{"first_submission":"gr6","second_submission":"gr15","similarity":0.07679465776293823},{"first_submission":"gr12","second_submission":"gr13","similarity":0.07589285714285714},{"first_submission":"gr6","second_submission":"gr14","similarity":0.07531380753138076},{"first_submission":"gr5","second_submission":"gr2","similarity":0.07485380116959064},{"first_submission":"gr7","second_submission":"gr3","similarity":0.07333333333333333},{"first_submission":"gr16","second_submission":"gr12","similarity":0.07285974499089254},{"first_submission":"gr7","second_submission":"gr13","similarity":0.0718294051627385},{"first_submission":"gr5","second_submission":"gr1","similarity":0.07159353348729793},{"first_submission":"gr8","second_submission":"gr15","similarity":0.0712401055408971},{"first_submission":"gr14","second_submission":"gr12","similarity":0.06988352745424292},{"first_submission":"gr2","second_submission":"gr11","similarity":0.06960556844547564},{"first_submission":"gr16","second_submission":"gr15","similarity":0.06942148760330578},{"first_submission":"gr14","second_submission":"gr3","similarity":0.06904761904761905},{"first_submission":"gr7","second_submission":"gr4","similarity":0.06847697756788666},{"first_submission":"gr4","second_submission":"gr13","similarity":0.06839186691312385},{"first_submission":"gr1","second_submission":"gr10","similarity":0.06631299734748011},{"first_submission":"gr14","second_submission":"gr7","similarity":0.06375838926174497},{"first_submission":"gr7","second_submission":"gr5","similarity":0.06371191135734072},{"first_submission":"gr5","second_submission":"gr11","similarity":0.0636215334420881},{"first_submission":"gr2","second_submission":"gr17","similarity":0.06324972737186478},{"first_submission":"gr14","second_submission":"gr10","similarity":0.06288343558282208},{"first_submission":"gr6","second_submission":"gr11","similarity":0.061420345489443376},{"first_submission":"gr12","second_submission":"gr7","similarity":0.060514372163388806},{"first_submission":"gr14","second_submission":"gr8","similarity":0.059654631083202514},{"first_submission":"gr12","second_submission":"gr15","similarity":0.05817174515235457},{"first_submission":"gr2","second_submission":"gr4","similarity":0.05714285714285714},{"first_submission":"gr6","second_submission":"gr2","similarity":0.05663189269746647},{"first_submission":"gr1","second_submission":"gr13","similarity":0.05603864734299517},{"first_submission":"gr12","second_submission":"gr17","similarity":0.05576679340937896},{"first_submission":"gr7","second_submission":"gr11","similarity":0.05517241379310345},{"first_submission":"gr12","second_submission":"gr5","similarity":0.055020632737276476},{"first_submission":"gr5","second_submission":"gr17","similarity":0.05411764705882353},{"first_submission":"gr12","second_submission":"gr11","similarity":0.05321888412017167},{"first_submission":"gr6","second_submission":"gr4","similarity":0.05212620027434842},{"first_submission":"gr15","second_submission":"gr2","similarity":0.05176470588235294},{"first_submission":"gr2","second_submission":"gr10","similarity":0.05076820307281229},{"first_submission":"gr16","second_submission":"gr14","similarity":0.049586776859504134},{"first_submission":"gr15","second_submission":"gr13","similarity":0.04831932773109244},{"first_submission":"gr1","second_submission":"gr3","similarity":0.04789272030651341},{"first_submission":"gr13","second_submission":"gr10","similarity":0.047529706066291436},{"first_submission":"gr17","second_submission":"gr11","similarity":0.046583850931677016},{"first_submission":"gr15","second_submission":"gr1","similarity":0.04645760743321719},{"first_submission":"gr12","second_submission":"gr3","similarity":0.04640883977900553},{"first_submission":"gr5","second_submission":"gr4","similarity":0.04600219058050383},{"first_submission":"gr9","second_submission":"gr8","similarity":0.04522613065326633},{"first_submission":"gr8","second_submission":"gr1","similarity":0.04518430439952437},{"first_submission":"gr9","second_submission":"gr15","similarity":0.0430622009569378},{"first_submission":"gr8","second_submission":"gr13","similarity":0.04291845493562232},{"first_submission":"gr14","second_submission":"gr11","similarity":0.04181818181818182},{"first_submission":"gr19","second_submission":"gr2","similarity":0.041666666666666664}],"description":"Average of both program coverages. This is the default similarity which works in most cases: Matches with a high average similarity indicate that the programs work in a very similar way."},{"name":"MAX","distribution":[0,0,7,0,4,2,5,1,43,109],"topComparisons":[{"first_submission":"gr19","second_submission":"gr18","similarity":0.7368421052631579},{"first_submission":"gr19","second_submission":"gr9","similarity":0.7368421052631579},{"first_submission":"gr18","second_submission":"gr9","similarity":0.7368421052631579},{"first_submission":"gr19","second_submission":"gr6","similarity":0.7368421052631579},{"first_submission":"gr18","second_submission":"gr6","similarity":0.7368421052631579},{"first_submission":"gr19","second_submission":"gr7","similarity":0.7368421052631579},{"first_submission":"gr18","second_submission":"gr7","similarity":0.7368421052631579},{"first_submission":"gr19","second_submission":"gr2","similarity":0.5263157894736842},{"first_submission":"gr6","second_submission":"gr9","similarity":0.4827586206896552},{"first_submission":"gr9","second_submission":"gr7","similarity":0.4827586206896552},{"first_submission":"gr9","second_submission":"gr8","similarity":0.3103448275862069},{"first_submission":"gr9","second_submission":"gr15","similarity":0.3103448275862069},{"first_submission":"gr7","second_submission":"gr10","similarity":0.21951219512195122},{"first_submission":"gr5","second_submission":"gr10","similarity":0.18781725888324874},{"first_submission":"gr14","second_submission":"gr1","similarity":0.1865671641791045},{"first_submission":"gr14","second_submission":"gr17","similarity":0.17537313432835822},{"first_submission":"gr3","second_submission":"gr10","similarity":0.17482517482517482},{"first_submission":"gr8","second_submission":"gr3","similarity":0.17344173441734417},{"first_submission":"gr7","second_submission":"gr1","similarity":0.1676829268292683},{"first_submission":"gr8","second_submission":"gr4","similarity":0.16260162601626016},{"first_submission":"gr14","second_submission":"gr10","similarity":0.15298507462686567},{"first_submission":"gr6","second_submission":"gr11","similarity":0.1523809523809524},{"first_submission":"gr14","second_submission":"gr13","similarity":0.14925373134328357},{"first_submission":"gr6","second_submission":"gr8","similarity":0.14761904761904762},{"first_submission":"gr11","second_submission":"gr10","similarity":0.13701923076923078},{"first_submission":"gr14","second_submission":"gr4","similarity":0.13432835820895522},{"first_submission":"gr16","second_submission":"gr1","similarity":0.12962962962962962},{"first_submission":"gr6","second_submission":"gr7","similarity":0.12857142857142856},{"first_submission":"gr6","second_submission":"gr17","similarity":0.12857142857142856},{"first_submission":"gr14","second_submission":"gr5","similarity":0.12686567164179105},{"first_submission":"gr12","second_submission":"gr2","similarity":0.12612612612612611},{"first_submission":"gr12","second_submission":"gr4","similarity":0.12612612612612611},{"first_submission":"gr14","second_submission":"gr2","similarity":0.12313432835820895},{"first_submission":"gr17","second_submission":"gr4","similarity":0.12280701754385964},{"first_submission":"gr16","second_submission":"gr7","similarity":0.12037037037037036},{"first_submission":"gr7","second_submission":"gr2","similarity":0.11890243902439024},{"first_submission":"gr17","second_submission":"gr1","similarity":0.11842105263157894},{"first_submission":"gr6","second_submission":"gr5","similarity":0.11428571428571428},{"first_submission":"gr14","second_submission":"gr15","similarity":0.11194029850746269},{"first_submission":"gr3","second_submission":"gr11","similarity":0.11188811188811189},{"first_submission":"gr8","second_submission":"gr17","similarity":0.1111111111111111},{"first_submission":"gr15","second_submission":"gr3","similarity":0.11053984575835475},{"first_submission":"gr1","second_submission":"gr11","similarity":0.11016949152542373},{"first_submission":"gr7","second_submission":"gr17","similarity":0.10975609756097561},{"first_submission":"gr6","second_submission":"gr15","similarity":0.10952380952380952},{"first_submission":"gr14","second_submission":"gr3","similarity":0.10820895522388059},{"first_submission":"gr4","second_submission":"gr3","similarity":0.10789980732177264},{"first_submission":"gr17","second_submission":"gr3","similarity":0.1074561403508772},{"first_submission":"gr1","second_submission":"gr10","similarity":0.1059322033898305},{"first_submission":"gr2","second_submission":"gr13","similarity":0.10412147505422993},{"first_submission":"gr12","second_submission":"gr1","similarity":0.1021021021021021},{"first_submission":"gr12","second_submission":"gr13","similarity":0.1021021021021021},{"first_submission":"gr13","second_submission":"gr11","similarity":0.10124333925399645},{"first_submission":"gr7","second_submission":"gr3","similarity":0.10060975609756098},{"first_submission":"gr15","second_submission":"gr4","similarity":0.10025706940874037},{"first_submission":"gr4","second_submission":"gr11","similarity":0.1001926782273603},{"first_submission":"gr5","second_submission":"gr13","similarity":0.09898477157360407},{"first_submission":"gr5","second_submission":"gr11","similarity":0.09898477157360407},{"first_submission":"gr15","second_submission":"gr17","similarity":0.09768637532133675},{"first_submission":"gr2","second_submission":"gr11","similarity":0.09761388286334056},{"first_submission":"gr7","second_submission":"gr13","similarity":0.0975609756097561},{"first_submission":"gr7","second_submission":"gr11","similarity":0.0975609756097561},{"first_submission":"gr16","second_submission":"gr15","similarity":0.09722222222222222},{"first_submission":"gr12","second_submission":"gr11","similarity":0.09309309309309309},{"first_submission":"gr16","second_submission":"gr12","similarity":0.09259259259259259},{"first_submission":"gr2","second_submission":"gr1","similarity":0.0911062906724512},{"first_submission":"gr1","second_submission":"gr4","similarity":0.09110169491525423},{"first_submission":"gr6","second_submission":"gr2","similarity":0.09047619047619047},{"first_submission":"gr6","second_submission":"gr4","similarity":0.09047619047619047},{"first_submission":"gr7","second_submission":"gr4","similarity":0.08841463414634146},{"first_submission":"gr14","second_submission":"gr11","similarity":0.08582089552238806},{"first_submission":"gr6","second_submission":"gr14","similarity":0.08571428571428572},{"first_submission":"gr2","second_submission":"gr10","similarity":0.0824295010845987},{"first_submission":"gr5","second_submission":"gr2","similarity":0.08121827411167512},{"first_submission":"gr5","second_submission":"gr1","similarity":0.07868020304568528},{"first_submission":"gr14","second_submission":"gr12","similarity":0.07835820895522388},{"first_submission":"gr8","second_submission":"gr15","similarity":0.07317073170731707},{"first_submission":"gr4","second_submission":"gr13","similarity":0.07129094412331406},{"first_submission":"gr14","second_submission":"gr7","similarity":0.0708955223880597},{"first_submission":"gr14","second_submission":"gr8","similarity":0.0708955223880597},{"first_submission":"gr7","second_submission":"gr5","similarity":0.0701219512195122},{"first_submission":"gr13","second_submission":"gr10","similarity":0.0674955595026643},{"first_submission":"gr12","second_submission":"gr17","similarity":0.06606606606606606},{"first_submission":"gr17","second_submission":"gr11","similarity":0.06578947368421052},{"first_submission":"gr2","second_submission":"gr17","similarity":0.06359649122807018},{"first_submission":"gr12","second_submission":"gr15","similarity":0.06306306306306306},{"first_submission":"gr12","second_submission":"gr3","similarity":0.06306306306306306},{"first_submission":"gr1","second_submission":"gr13","similarity":0.0614406779661017},{"first_submission":"gr12","second_submission":"gr7","similarity":0.06097560975609756},{"first_submission":"gr2","second_submission":"gr4","similarity":0.06073752711496746},{"first_submission":"gr12","second_submission":"gr5","similarity":0.06006006006006006},{"first_submission":"gr15","second_submission":"gr13","similarity":0.05912596401028278},{"first_submission":"gr5","second_submission":"gr17","similarity":0.0583756345177665},{"first_submission":"gr15","second_submission":"gr2","similarity":0.056555269922879174},{"first_submission":"gr16","second_submission":"gr14","similarity":0.05555555555555555},{"first_submission":"gr8","second_submission":"gr13","similarity":0.05420054200542006},{"first_submission":"gr5","second_submission":"gr4","similarity":0.0532994923857868},{"first_submission":"gr1","second_submission":"gr3","similarity":0.05296610169491525},{"first_submission":"gr8","second_submission":"gr1","similarity":0.051490514905149054},{"first_submission":"gr15","second_submission":"gr1","similarity":0.05141388174807198}],"description":"Maximum of both program coverages. This ranking is especially useful if the programs are very different in size. This can happen when dead code was inserted to disguise the origin of the plagiarized program."}],"clusters":[{"average_similarity":0.07037729869461347,"strength":0.07756236626219812,"members":["gr7","gr1","gr14","gr10","gr11","gr12","gr2","gr5","gr13","gr16"]},{"average_similarity":0.09101369755325779,"strength":0.03728697342002717,"members":["gr8","gr3","gr4","gr17","gr6","gr15"]},{"average_similarity":0.6345029239766081,"strength":0.13027119723352887,"members":["gr19","gr18","gr9"]}],"total_comparisons":171}